0	2012	1	1
1	2012	1	2
2	2012	1	3
3	2012	1	4
4	2012	1	5
5	2012	1	6
6	2012	1	7
7	2012	1	8
8	2012	1	9
9	2012	1	10
10	2012	1	11
11	2012	1	12
12	2012	1	13
13	2012	1	14
14	2012	1	15
15	2012	1	16
16	2012	1	17
17	2012	1	18
18	2012	1	19
19	2012	1	20
20	2012	1	21
21	2012	1	22
22	2012	1	23
23	2012	1	24
24	2012	1	25
25	2012	1	26
26	2012	1	27
27	2012	1	28
28	2012	1	29
29	2012	1	30
30	2012	1	31
31	2012	2	1
32	2012	2	2
33	2012	2	3
34	2012	2	4
35	2012	2	5
36	2012	2	6
37	2012	2	7
38	2012	2	8
39	2012	2	9
40	2012	2	10
41	2012	2	11
42	2012	2	12
43	2012	2	13
44	2012	2	14
45	2012	2	15
46	2012	2	16
47	2012	2	17
48	2012	2	18
49	2012	2	19
50	2012	2	20
51	2012	2	21
52	2012	2	22
53	2012	2	23
54	2012	2	24
55	2012	2	25
56	2012	2	26
57	2012	2	27
58	2012	2	28
59	2012	3	1
60	2012	3	2
61	2012	3	3
62	2012	3	4
63	2012	3	5
64	2012	3	6
65	2012	3	7
66	2012	3	8
67	2012	3	9
68	2012	3	10
69	2012	3	11
70	2012	3	12
71	2012	3	13
72	2012	3	14
73	2012	3	15
74	2012	3	16
75	2012	3	17
76	2012	3	18
77	2012	3	19
78	2012	3	20
79	2012	3	21
80	2012	3	22
81	2012	3	23
82	2012	3	24
83	2012	3	25
84	2012	3	26
85	2012	3	27
86	2012	3	28
87	2012	3	29
88	2012	3	30
89	2012	3	31
90	2012	4	1
91	2012	4	2
92	2012	4	3
93	2012	4	4
94	2012	4	5
95	2012	4	6
96	2012	4	7
97	2012	4	8
98	2012	4	9
99	2012	4	10
100	2012	4	11
101	2012	4	12
102	2012	4	13
103	2012	4	14
104	2012	4	15
105	2012	4	16
106	2012	4	17
107	2012	4	18
108	2012	4	19
109	2012	4	20
110	2012	4	21
111	2012	4	22
112	2012	4	23
113	2012	4	24
114	2012	4	25
115	2012	4	26
116	2012	4	27
117	2012	4	28
118	2012	4	29
119	2012	4	30
120	2012	5	1
121	2012	5	2
122	2012	5	3
123	2012	5	4
124	2012	5	5
125	2012	5	6
126	2012	5	7
127	2012	5	8
128	2012	5	9
129	2012	5	10
130	2012	5	11
131	2012	5	12
132	2012	5	13
133	2012	5	14
134	2012	5	15
135	2012	5	16
136	2012	5	17
137	2012	5	18
138	2012	5	19
139	2012	5	20
140	2012	5	21
141	2012	5	22
142	2012	5	23
143	2012	5	24
144	2012	5	25
145	2012	5	26
146	2012	5	27
147	2012	5	28
148	2012	5	29
149	2012	5	30
150	2012	5	31
151	2012	6	1
152	2012	6	2
153	2012	6	3
154	2012	6	4
155	2012	6	5
156	2012	6	6
157	2012	6	7
158	2012	6	8
159	2012	6	9
160	2012	6	10
161	2012	6	11
162	2012	6	12
163	2012	6	13
164	2012	6	14
165	2012	6	15
166	2012	6	16
167	2012	6	17
168	2012	6	18
169	2012	6	19
170	2012	6	20
171	2012	6	21
172	2012	6	22
173	2012	6	23
174	2012	6	24
175	2012	6	25
176	2012	6	26
177	2012	6	27
178	2012	6	28
179	2012	6	29
180	2012	6	30
181	2012	7	1
182	2012	7	2
183	2012	7	3
184	2012	7	4
185	2012	7	5
186	2012	7	6
187	2012	7	7
188	2012	7	8
189	2012	7	9
190	2012	7	10
191	2012	7	11
192	2012	7	12
193	2012	7	13
194	2012	7	14
195	2012	7	15
196	2012	7	16
197	2012	7	17
198	2012	7	18
199	2012	7	19
200	2012	7	20
201	2012	7	21
202	2012	7	22
203	2012	7	23
204	2012	7	24
205	2012	7	25
206	2012	7	26
207	2012	7	27
208	2012	7	28
209	2012	7	29
210	2012	7	30
211	2012	7	31
212	2012	8	1
213	2012	8	2
214	2012	8	3
215	2012	8	4
216	2012	8	5
217	2012	8	6
218	2012	8	7
219	2012	8	8
220	2012	8	9
221	2012	8	10
222	2012	8	11
223	2012	8	12
224	2012	8	13
225	2012	8	14
226	2012	8	15
227	2012	8	16
228	2012	8	17
229	2012	8	18
230	2012	8	19
231	2012	8	20
232	2012	8	21
233	2012	8	22
234	2012	8	23
235	2012	8	24
236	2012	8	25
237	2012	8	26
238	2012	8	27
239	2012	8	28
240	2012	8	29
241	2012	8	30
242	2012	8	31
243	2012	9	1
244	2012	9	2
245	2012	9	3
246	2012	9	4
247	2012	9	5
248	2012	9	6
249	2012	9	7
250	2012	9	8
251	2012	9	9
252	2012	9	10
253	2012	9	11
254	2012	9	12
255	2012	9	13
256	2012	9	14
257	2012	9	15
258	2012	9	16
259	2012	9	17
260	2012	9	18
261	2012	9	19
262	2012	9	20
263	2012	9	21
264	2012	9	22
265	2012	9	23
266	2012	9	24
267	2012	9	25
268	2012	9	26
269	2012	9	27
270	2012	9	28
271	2012	9	29
272	2012	9	30
273	2012	10	1
274	2012	10	2
275	2012	10	3
276	2012	10	4
277	2012	10	5
278	2012	10	6
279	2012	10	7
280	2012	10	8
281	2012	10	9
282	2012	10	10
283	2012	10	11
284	2012	10	12
285	2012	10	13
286	2012	10	14
287	2012	10	15
288	2012	10	16
289	2012	10	17
290	2012	10	18
291	2012	10	19
292	2012	10	20
293	2012	10	21
294	2012	10	22
295	2012	10	23
296	2012	10	24
297	2012	10	25
298	2012	10	26
299	2012	10	27
300	2012	10	28
301	2012	10	29
302	2012	10	30
303	2012	10	31
304	2012	11	1
305	2012	11	2
306	2012	11	3
307	2012	11	4
308	2012	11	5
309	2012	11	6
310	2012	11	7
311	2012	11	8
312	2012	11	9
313	2012	11	10
314	2012	11	11
315	2012	11	12
316	2012	11	13
317	2012	11	14
318	2012	11	15
319	2012	11	16
320	2012	11	17
321	2012	11	18
322	2012	11	19
323	2012	11	20
324	2012	11	21
325	2012	11	22
326	2012	11	23
327	2012	11	24
328	2012	11	25
329	2012	11	26
330	2012	11	27
331	2012	11	28
332	2012	11	29
333	2012	11	30
334	2012	12	1
335	2012	12	2
336	2012	12	3
337	2012	12	4
338	2012	12	5
339	2012	12	6
340	2012	12	7
341	2012	12	8
342	2012	12	9
343	2012	12	10
344	2012	12	11
345	2012	12	12
346	2012	12	13
347	2012	12	14
348	2012	12	15
349	2012	12	16
350	2012	12	17
351	2012	12	18
352	2012	12	19
353	2012	12	20
354	2012	12	21
355	2012	12	22
356	2012	12	23
357	2012	12	24
358	2012	12	25
359	2012	12	26
360	2012	12	27
361	2012	12	28
362	2012	12	29
363	2012	12	30
364	2012	12	31
365	2013	1	1
366	2013	1	2
367	2013	1	3
368	2013	1	4
369	2013	1	5
370	2013	1	6
371	2013	1	7
372	2013	1	8
373	2013	1	9
374	2013	1	10
375	2013	1	11
376	2013	1	12
377	2013	1	13
378	2013	1	14
379	2013	1	15
380	2013	1	16
381	2013	1	17
382	2013	1	18
383	2013	1	19
384	2013	1	20
385	2013	1	21
386	2013	1	22
387	2013	1	23
388	2013	1	24
389	2013	1	25
390	2013	1	26
391	2013	1	27
392	2013	1	28
393	2013	1	29
394	2013	1	30
395	2013	1	31
396	2013	2	1
397	2013	2	2
398	2013	2	3
399	2013	2	4
400	2013	2	5
401	2013	2	6
402	2013	2	7
403	2013	2	8
404	2013	2	9
405	2013	2	10
406	2013	2	11
407	2013	2	12
408	2013	2	13
409	2013	2	14
410	2013	2	15
411	2013	2	16
412	2013	2	17
413	2013	2	18
414	2013	2	19
415	2013	2	20
416	2013	2	21
417	2013	2	22
418	2013	2	23
419	2013	2	24
420	2013	2	25
421	2013	2	26
422	2013	2	27
423	2013	2	28
424	2013	3	1
425	2013	3	2
426	2013	3	3
427	2013	3	4
428	2013	3	5
429	2013	3	6
430	2013	3	7
431	2013	3	8
432	2013	3	9
433	2013	3	10
434	2013	3	11
435	2013	3	12
436	2013	3	13
437	2013	3	14
438	2013	3	15
439	2013	3	16
440	2013	3	17
441	2013	3	18
442	2013	3	19
443	2013	3	20
444	2013	3	21
445	2013	3	22
446	2013	3	23
447	2013	3	24
448	2013	3	25
449	2013	3	26
450	2013	3	27
451	2013	3	28
452	2013	3	29
453	2013	3	30
454	2013	3	31
455	2013	4	1
456	2013	4	2
457	2013	4	3
458	2013	4	4
459	2013	4	5
460	2013	4	6
461	2013	4	7
462	2013	4	8
463	2013	4	9
464	2013	4	10
465	2013	4	11
466	2013	4	12
467	2013	4	13
468	2013	4	14
469	2013	4	15
470	2013	4	16
471	2013	4	17
472	2013	4	18
473	2013	4	19
474	2013	4	20
475	2013	4	21
476	2013	4	22
477	2013	4	23
478	2013	4	24
479	2013	4	25
480	2013	4	26
481	2013	4	27
482	2013	4	28
483	2013	4	29
484	2013	4	30
485	2013	5	1
486	2013	5	2
487	2013	5	3
488	2013	5	4
489	2013	5	5
490	2013	5	6
491	2013	5	7
492	2013	5	8
493	2013	5	9
494	2013	5	10
495	2013	5	11
496	2013	5	12
497	2013	5	13
498	2013	5	14
499	2013	5	15
500	2013	5	16
501	2013	5	17
502	2013	5	18
503	2013	5	19
504	2013	5	20
505	2013	5	21
506	2013	5	22
507	2013	5	23
508	2013	5	24
509	2013	5	25
510	2013	5	26
511	2013	5	27
512	2013	5	28
513	2013	5	29
514	2013	5	30
515	2013	5	31
516	2013	6	1
517	2013	6	2
518	2013	6	3
519	2013	6	4
520	2013	6	5
521	2013	6	6
522	2013	6	7
523	2013	6	8
524	2013	6	9
525	2013	6	10
526	2013	6	11
527	2013	6	12
528	2013	6	13
529	2013	6	14
530	2013	6	15
531	2013	6	16
532	2013	6	17
533	2013	6	18
534	2013	6	19
535	2013	6	20
536	2013	6	21
537	2013	6	22
538	2013	6	23
539	2013	6	24
540	2013	6	25
541	2013	6	26
542	2013	6	27
543	2013	6	28
544	2013	6	29
545	2013	6	30
546	2013	7	1
547	2013	7	2
548	2013	7	3
549	2013	7	4
550	2013	7	5
551	2013	7	6
552	2013	7	7
553	2013	7	8
554	2013	7	9
555	2013	7	10
556	2013	7	11
557	2013	7	12
558	2013	7	13
559	2013	7	14
560	2013	7	15
561	2013	7	16
562	2013	7	17
563	2013	7	18
564	2013	7	19
565	2013	7	20
566	2013	7	21
567	2013	7	22
568	2013	7	23
569	2013	7	24
570	2013	7	25
571	2013	7	26
572	2013	7	27
573	2013	7	28
574	2013	7	29
575	2013	7	30
576	2013	7	31
577	2013	8	1
578	2013	8	2
579	2013	8	3
580	2013	8	4
581	2013	8	5
582	2013	8	6
583	2013	8	7
584	2013	8	8
585	2013	8	9
586	2013	8	10
587	2013	8	11
588	2013	8	12
589	2013	8	13
590	2013	8	14
591	2013	8	15
592	2013	8	16
593	2013	8	17
594	2013	8	18
595	2013	8	19
596	2013	8	20
597	2013	8	21
598	2013	8	22
599	2013	8	23
600	2013	8	24
601	2013	8	25
602	2013	8	26
603	2013	8	27
604	2013	8	28
605	2013	8	29
606	2013	8	30
607	2013	8	31
608	2013	9	1
609	2013	9	2
610	2013	9	3
611	2013	9	4
612	2013	9	5
613	2013	9	6
614	2013	9	7
615	2013	9	8
616	2013	9	9
617	2013	9	10
618	2013	9	11
619	2013	9	12
620	2013	9	13
621	2013	9	14
622	2013	9	15
623	2013	9	16
624	2013	9	17
625	2013	9	18
626	2013	9	19
627	2013	9	20
628	2013	9	21
629	2013	9	22
630	2013	9	23
631	2013	9	24
632	2013	9	25
633	2013	9	26
634	2013	9	27
635	2013	9	28
636	2013	9	29
637	2013	9	30
638	2013	10	1
639	2013	10	2
640	2013	10	3
641	2013	10	4
642	2013	10	5
643	2013	10	6
644	2013	10	7
645	2013	10	8
646	2013	10	9
647	2013	10	10
648	2013	10	11
649	2013	10	12
650	2013	10	13
651	2013	10	14
652	2013	10	15
653	2013	10	16
654	2013	10	17
655	2013	10	18
656	2013	10	19
657	2013	10	20
658	2013	10	21
659	2013	10	22
660	2013	10	23
661	2013	10	24
662	2013	10	25
663	2013	10	26
664	2013	10	27
665	2013	10	28
666	2013	10	29
667	2013	10	30
668	2013	10	31
669	2013	11	1
670	2013	11	2
671	2013	11	3
672	2013	11	4
673	2013	11	5
674	2013	11	6
675	2013	11	7
676	2013	11	8
677	2013	11	9
678	2013	11	10
679	2013	11	11
680	2013	11	12
681	2013	11	13
682	2013	11	14
683	2013	11	15
684	2013	11	16
685	2013	11	17
686	2013	11	18
687	2013	11	19
688	2013	11	20
689	2013	11	21
690	2013	11	22
691	2013	11	23
692	2013	11	24
693	2013	11	25
694	2013	11	26
695	2013	11	27
696	2013	11	28
697	2013	11	29
698	2013	11	30
699	2013	12	1
700	2013	12	2
701	2013	12	3
702	2013	12	4
703	2013	12	5
704	2013	12	6
705	2013	12	7
706	2013	12	8
707	2013	12	9
708	2013	12	10
709	2013	12	11
710	2013	12	12
711	2013	12	13
712	2013	12	14
713	2013	12	15
714	2013	12	16
715	2013	12	17
716	2013	12	18
717	2013	12	19
718	2013	12	20
719	2013	12	21
720	2013	12	22
721	2013	12	23
722	2013	12	24
723	2013	12	25
724	2013	12	26
725	2013	12	27
726	2013	12	28
727	2013	12	29
728	2013	12	30
729	2013	12	31
730	2014	1	1
731	2014	1	2
732	2014	1	3
733	2014	1	4
734	2014	1	5
735	2014	1	6
736	2014	1	7
737	2014	1	8
738	2014	1	9
739	2014	1	10
740	2014	1	11
741	2014	1	12
742	2014	1	13
743	2014	1	14
744	2014	1	15
745	2014	1	16
746	2014	1	17
747	2014	1	18
748	2014	1	19
749	2014	1	20
750	2014	1	21
751	2014	1	22
752	2014	1	23
753	2014	1	24
754	2014	1	25
755	2014	1	26
756	2014	1	27
757	2014	1	28
758	2014	1	29
759	2014	1	30
760	2014	1	31
761	2014	2	1
762	2014	2	2
763	2014	2	3
764	2014	2	4
765	2014	2	5
766	2014	2	6
767	2014	2	7
768	2014	2	8
769	2014	2	9
770	2014	2	10
771	2014	2	11
772	2014	2	12
773	2014	2	13
774	2014	2	14
775	2014	2	15
776	2014	2	16
777	2014	2	17
778	2014	2	18
779	2014	2	19
780	2014	2	20
781	2014	2	21
782	2014	2	22
783	2014	2	23
784	2014	2	24
785	2014	2	25
786	2014	2	26
787	2014	2	27
788	2014	2	28
789	2014	3	1
790	2014	3	2
791	2014	3	3
792	2014	3	4
793	2014	3	5
794	2014	3	6
795	2014	3	7
796	2014	3	8
797	2014	3	9
798	2014	3	10
799	2014	3	11
800	2014	3	12
801	2014	3	13
802	2014	3	14
803	2014	3	15
804	2014	3	16
805	2014	3	17
806	2014	3	18
807	2014	3	19
808	2014	3	20
809	2014	3	21
810	2014	3	22
811	2014	3	23
812	2014	3	24
813	2014	3	25
814	2014	3	26
815	2014	3	27
816	2014	3	28
817	2014	3	29
818	2014	3	30
819	2014	3	31
820	2014	4	1
821	2014	4	2
822	2014	4	3
823	2014	4	4
824	2014	4	5
825	2014	4	6
826	2014	4	7
827	2014	4	8
828	2014	4	9
829	2014	4	10
830	2014	4	11
831	2014	4	12
832	2014	4	13
833	2014	4	14
834	2014	4	15
835	2014	4	16
836	2014	4	17
837	2014	4	18
838	2014	4	19
839	2014	4	20
840	2014	4	21
841	2014	4	22
842	2014	4	23
843	2014	4	24
844	2014	4	25
845	2014	4	26
846	2014	4	27
847	2014	4	28
848	2014	4	29
849	2014	4	30
850	2014	5	1
851	2014	5	2
852	2014	5	3
853	2014	5	4
854	2014	5	5
855	2014	5	6
856	2014	5	7
857	2014	5	8
858	2014	5	9
859	2014	5	10
860	2014	5	11
861	2014	5	12
862	2014	5	13
863	2014	5	14
864	2014	5	15
865	2014	5	16
866	2014	5	17
867	2014	5	18
868	2014	5	19
869	2014	5	20
870	2014	5	21
871	2014	5	22
872	2014	5	23
873	2014	5	24
874	2014	5	25
875	2014	5	26
876	2014	5	27
877	2014	5	28
878	2014	5	29
879	2014	5	30
880	2014	5	31
881	2014	6	1
882	2014	6	2
883	2014	6	3
884	2014	6	4
885	2014	6	5
886	2014	6	6
887	2014	6	7
888	2014	6	8
889	2014	6	9
890	2014	6	10
891	2014	6	11
892	2014	6	12
893	2014	6	13
894	2014	6	14
895	2014	6	15
896	2014	6	16
897	2014	6	17
898	2014	6	18
899	2014	6	19
900	2014	6	20
901	2014	6	21
902	2014	6	22
903	2014	6	23
904	2014	6	24
905	2014	6	25
906	2014	6	26
907	2014	6	27
908	2014	6	28
909	2014	6	29
910	2014	6	30
911	2014	7	1
912	2014	7	2
913	2014	7	3
914	2014	7	4
915	2014	7	5
916	2014	7	6
917	2014	7	7
918	2014	7	8
919	2014	7	9
920	2014	7	10
921	2014	7	11
922	2014	7	12
923	2014	7	13
924	2014	7	14
925	2014	7	15
926	2014	7	16
927	2014	7	17
928	2014	7	18
929	2014	7	19
930	2014	7	20
931	2014	7	21
932	2014	7	22
933	2014	7	23
934	2014	7	24
935	2014	7	25
936	2014	7	26
937	2014	7	27
938	2014	7	28
939	2014	7	29
940	2014	7	30
941	2014	7	31
942	2014	8	1
943	2014	8	2
944	2014	8	3
945	2014	8	4
946	2014	8	5
947	2014	8	6
948	2014	8	7
949	2014	8	8
950	2014	8	9
951	2014	8	10
952	2014	8	11
953	2014	8	12
954	2014	8	13
955	2014	8	14
956	2014	8	15
957	2014	8	16
958	2014	8	17
959	2014	8	18
960	2014	8	19
961	2014	8	20
962	2014	8	21
963	2014	8	22
964	2014	8	23
965	2014	8	24
966	2014	8	25
967	2014	8	26
968	2014	8	27
969	2014	8	28
970	2014	8	29
971	2014	8	30
972	2014	8	31
973	2014	9	1
974	2014	9	2
975	2014	9	3
976	2014	9	4
977	2014	9	5
978	2014	9	6
979	2014	9	7
980	2014	9	8
981	2014	9	9
982	2014	9	10
983	2014	9	11
984	2014	9	12
985	2014	9	13
986	2014	9	14
987	2014	9	15
988	2014	9	16
989	2014	9	17
990	2014	9	18
991	2014	9	19
992	2014	9	20
993	2014	9	21
994	2014	9	22
995	2014	9	23
996	2014	9	24
997	2014	9	25
998	2014	9	26
999	2014	9	27
1000	2014	9	28
1001	2014	9	29
1002	2014	9	30
1003	2014	10	1
1004	2014	10	2
1005	2014	10	3
1006	2014	10	4
1007	2014	10	5
1008	2014	10	6
1009	2014	10	7
1010	2014	10	8
1011	2014	10	9
1012	2014	10	10
1013	2014	10	11
1014	2014	10	12
1015	2014	10	13
1016	2014	10	14
1017	2014	10	15
1018	2014	10	16
1019	2014	10	17
1020	2014	10	18
1021	2014	10	19
1022	2014	10	20
1023	2014	10	21
1024	2014	10	22
1025	2014	10	23
1026	2014	10	24
1027	2014	10	25
1028	2014	10	26
1029	2014	10	27
1030	2014	10	28
1031	2014	10	29
1032	2014	10	30
1033	2014	10	31
1034	2014	11	1
1035	2014	11	2
1036	2014	11	3
1037	2014	11	4
1038	2014	11	5
1039	2014	11	6
1040	2014	11	7
1041	2014	11	8
1042	2014	11	9
1043	2014	11	10
1044	2014	11	11
1045	2014	11	12
1046	2014	11	13
1047	2014	11	14
1048	2014	11	15
1049	2014	11	16
1050	2014	11	17
1051	2014	11	18
1052	2014	11	19
1053	2014	11	20
1054	2014	11	21
1055	2014	11	22
1056	2014	11	23
1057	2014	11	24
1058	2014	11	25
1059	2014	11	26
1060	2014	11	27
1061	2014	11	28
1062	2014	11	29
1063	2014	11	30
1064	2014	12	1
1065	2014	12	2
1066	2014	12	3
1067	2014	12	4
1068	2014	12	5
1069	2014	12	6
1070	2014	12	7
1071	2014	12	8
1072	2014	12	9
1073	2014	12	10
1074	2014	12	11
1075	2014	12	12
1076	2014	12	13
1077	2014	12	14
1078	2014	12	15
1079	2014	12	16
1080	2014	12	17
1081	2014	12	18
1082	2014	12	19
1083	2014	12	20
1084	2014	12	21
1085	2014	12	22
1086	2014	12	23
1087	2014	12	24
1088	2014	12	25
1089	2014	12	26
1090	2014	12	27
1091	2014	12	28
1092	2014	12	29
1093	2014	12	30
1094	2014	12	31
1095	2015	1	1
1096	2015	1	2
1097	2015	1	3
1098	2015	1	4
1099	2015	1	5
1100	2015	1	6
1101	2015	1	7
1102	2015	1	8
1103	2015	1	9
1104	2015	1	10
1105	2015	1	11
1106	2015	1	12
1107	2015	1	13
1108	2015	1	14
1109	2015	1	15
1110	2015	1	16
1111	2015	1	17
1112	2015	1	18
1113	2015	1	19
1114	2015	1	20
1115	2015	1	21
1116	2015	1	22
1117	2015	1	23
1118	2015	1	24
1119	2015	1	25
1120	2015	1	26
1121	2015	1	27
1122	2015	1	28
1123	2015	1	29
1124	2015	1	30
1125	2015	1	31
1126	2015	2	1
1127	2015	2	2
1128	2015	2	3
1129	2015	2	4
1130	2015	2	5
1131	2015	2	6
1132	2015	2	7
1133	2015	2	8
1134	2015	2	9
1135	2015	2	10
1136	2015	2	11
1137	2015	2	12
1138	2015	2	13
1139	2015	2	14
1140	2015	2	15
1141	2015	2	16
1142	2015	2	17
1143	2015	2	18
1144	2015	2	19
1145	2015	2	20
1146	2015	2	21
1147	2015	2	22
1148	2015	2	23
1149	2015	2	24
1150	2015	2	25
1151	2015	2	26
1152	2015	2	27
1153	2015	2	28
1154	2015	3	1
1155	2015	3	2
1156	2015	3	3
1157	2015	3	4
1158	2015	3	5
1159	2015	3	6
1160	2015	3	7
1161	2015	3	8
1162	2015	3	9
1163	2015	3	10
1164	2015	3	11
1165	2015	3	12
1166	2015	3	13
1167	2015	3	14
1168	2015	3	15
1169	2015	3	16
1170	2015	3	17
1171	2015	3	18
1172	2015	3	19
1173	2015	3	20
1174	2015	3	21
1175	2015	3	22
1176	2015	3	23
1177	2015	3	24
1178	2015	3	25
1179	2015	3	26
1180	2015	3	27
1181	2015	3	28
1182	2015	3	29
1183	2015	3	30
1184	2015	3	31
1185	2015	4	1
1186	2015	4	2
1187	2015	4	3
1188	2015	4	4
1189	2015	4	5
1190	2015	4	6
1191	2015	4	7
1192	2015	4	8
1193	2015	4	9
1194	2015	4	10
1195	2015	4	11
1196	2015	4	12
1197	2015	4	13
1198	2015	4	14
1199	2015	4	15
1200	2015	4	16
1201	2015	4	17
1202	2015	4	18
1203	2015	4	19
1204	2015	4	20
1205	2015	4	21
1206	2015	4	22
1207	2015	4	23
1208	2015	4	24
1209	2015	4	25
1210	2015	4	26
1211	2015	4	27
1212	2015	4	28
1213	2015	4	29
1214	2015	4	30
1215	2015	5	1
1216	2015	5	2
1217	2015	5	3
1218	2015	5	4
1219	2015	5	5
1220	2015	5	6
1221	2015	5	7
1222	2015	5	8
1223	2015	5	9
1224	2015	5	10
1225	2015	5	11
1226	2015	5	12
1227	2015	5	13
1228	2015	5	14
1229	2015	5	15
1230	2015	5	16
1231	2015	5	17
1232	2015	5	18
1233	2015	5	19
1234	2015	5	20
1235	2015	5	21
1236	2015	5	22
1237	2015	5	23
1238	2015	5	24
1239	2015	5	25
1240	2015	5	26
1241	2015	5	27
1242	2015	5	28
1243	2015	5	29
1244	2015	5	30
1245	2015	5	31
1246	2015	6	1
1247	2015	6	2
1248	2015	6	3
1249	2015	6	4
1250	2015	6	5
1251	2015	6	6
1252	2015	6	7
1253	2015	6	8
1254	2015	6	9
1255	2015	6	10
1256	2015	6	11
1257	2015	6	12
1258	2015	6	13
1259	2015	6	14
1260	2015	6	15
1261	2015	6	16
1262	2015	6	17
1263	2015	6	18
1264	2015	6	19
1265	2015	6	20
1266	2015	6	21
1267	2015	6	22
1268	2015	6	23
1269	2015	6	24
1270	2015	6	25
1271	2015	6	26
1272	2015	6	27
1273	2015	6	28
1274	2015	6	29
1275	2015	6	30
1276	2015	7	1
1277	2015	7	2
1278	2015	7	3
1279	2015	7	4
1280	2015	7	5
1281	2015	7	6
1282	2015	7	7
1283	2015	7	8
1284	2015	7	9
1285	2015	7	10
1286	2015	7	11
1287	2015	7	12
1288	2015	7	13
1289	2015	7	14
1290	2015	7	15
1291	2015	7	16
1292	2015	7	17
1293	2015	7	18
1294	2015	7	19
1295	2015	7	20
1296	2015	7	21
1297	2015	7	22
1298	2015	7	23
1299	2015	7	24
1300	2015	7	25
1301	2015	7	26
1302	2015	7	27
1303	2015	7	28
1304	2015	7	29
1305	2015	7	30
1306	2015	7	31
1307	2015	8	1
1308	2015	8	2
1309	2015	8	3
1310	2015	8	4
1311	2015	8	5
1312	2015	8	6
1313	2015	8	7
1314	2015	8	8
1315	2015	8	9
1316	2015	8	10
1317	2015	8	11
1318	2015	8	12
1319	2015	8	13
1320	2015	8	14
1321	2015	8	15
1322	2015	8	16
1323	2015	8	17
1324	2015	8	18
1325	2015	8	19
1326	2015	8	20
1327	2015	8	21
1328	2015	8	22
1329	2015	8	23
1330	2015	8	24
1331	2015	8	25
1332	2015	8	26
1333	2015	8	27
1334	2015	8	28
1335	2015	8	29
1336	2015	8	30
1337	2015	8	31
1338	2015	9	1
1339	2015	9	2
1340	2015	9	3
1341	2015	9	4
1342	2015	9	5
1343	2015	9	6
1344	2015	9	7
1345	2015	9	8
1346	2015	9	9
1347	2015	9	10
1348	2015	9	11
1349	2015	9	12
1350	2015	9	13
1351	2015	9	14
1352	2015	9	15
1353	2015	9	16
1354	2015	9	17
1355	2015	9	18
1356	2015	9	19
1357	2015	9	20
1358	2015	9	21
1359	2015	9	22
1360	2015	9	23
1361	2015	9	24
1362	2015	9	25
1363	2015	9	26
1364	2015	9	27
1365	2015	9	28
1366	2015	9	29
1367	2015	9	30
1368	2015	10	1
1369	2015	10	2
1370	2015	10	3
1371	2015	10	4
1372	2015	10	5
1373	2015	10	6
1374	2015	10	7
1375	2015	10	8
1376	2015	10	9
1377	2015	10	10
1378	2015	10	11
1379	2015	10	12
1380	2015	10	13
1381	2015	10	14
1382	2015	10	15
1383	2015	10	16
1384	2015	10	17
1385	2015	10	18
1386	2015	10	19
1387	2015	10	20
1388	2015	10	21
1389	2015	10	22
1390	2015	10	23
1391	2015	10	24
1392	2015	10	25
1393	2015	10	26
1394	2015	10	27
1395	2015	10	28
1396	2015	10	29
1397	2015	10	30
1398	2015	10	31
1399	2015	11	1
1400	2015	11	2
1401	2015	11	3
1402	2015	11	4
1403	2015	11	5
1404	2015	11	6
1405	2015	11	7
1406	2015	11	8
1407	2015	11	9
1408	2015	11	10
1409	2015	11	11
1410	2015	11	12
1411	2015	11	13
1412	2015	11	14
1413	2015	11	15
1414	2015	11	16
1415	2015	11	17
1416	2015	11	18
1417	2015	11	19
1418	2015	11	20
1419	2015	11	21
1420	2015	11	22
1421	2015	11	23
1422	2015	11	24
1423	2015	11	25
1424	2015	11	26
1425	2015	11	27
1426	2015	11	28
1427	2015	11	29
1428	2015	11	30
1429	2015	12	1
1430	2015	12	2
1431	2015	12	3
1432	2015	12	4
1433	2015	12	5
1434	2015	12	6
1435	2015	12	7
1436	2015	12	8
1437	2015	12	9
1438	2015	12	10
1439	2015	12	11
1440	2015	12	12
1441	2015	12	13
1442	2015	12	14
1443	2015	12	15
1444	2015	12	16
1445	2015	12	17
1446	2015	12	18
1447	2015	12	19
1448	2015	12	20
1449	2015	12	21
1450	2015	12	22
1451	2015	12	23
1452	2015	12	24
1453	2015	12	25
1454	2015	12	26
1455	2015	12	27
1456	2015	12	28
1457	2015	12	29
1458	2015	12	30
1459	2015	12	31
1460	2016	1	1
1461	2016	1	2
1462	2016	1	3
1463	2016	1	4
1464	2016	1	5
1465	2016	1	6
1466	2016	1	7
1467	2016	1	8
1468	2016	1	9
1469	2016	1	10
1470	2016	1	11
1471	2016	1	12
1472	2016	1	13
1473	2016	1	14
1474	2016	1	15
1475	2016	1	16
1476	2016	1	17
1477	2016	1	18
1478	2016	1	19
1479	2016	1	20
1480	2016	1	21
1481	2016	1	22
1482	2016	1	23
1483	2016	1	24
1484	2016	1	25
1485	2016	1	26
1486	2016	1	27
1487	2016	1	28
1488	2016	1	29
1489	2016	1	30
1490	2016	1	31
1491	2016	2	1
1492	2016	2	2
1493	2016	2	3
1494	2016	2	4
1495	2016	2	5
1496	2016	2	6
1497	2016	2	7
1498	2016	2	8
1499	2016	2	9
1500	2016	2	10
1501	2016	2	11
1502	2016	2	12
1503	2016	2	13
1504	2016	2	14
1505	2016	2	15
1506	2016	2	16
1507	2016	2	17
1508	2016	2	18
1509	2016	2	19
1510	2016	2	20
1511	2016	2	21
1512	2016	2	22
1513	2016	2	23
1514	2016	2	24
1515	2016	2	25
1516	2016	2	26
1517	2016	2	27
1518	2016	2	28
1519	2016	3	1
1520	2016	3	2
1521	2016	3	3
1522	2016	3	4
1523	2016	3	5
1524	2016	3	6
1525	2016	3	7
1526	2016	3	8
1527	2016	3	9
1528	2016	3	10
1529	2016	3	11
1530	2016	3	12
1531	2016	3	13
1532	2016	3	14
1533	2016	3	15
1534	2016	3	16
1535	2016	3	17
1536	2016	3	18
1537	2016	3	19
1538	2016	3	20
1539	2016	3	21
1540	2016	3	22
1541	2016	3	23
1542	2016	3	24
1543	2016	3	25
1544	2016	3	26
1545	2016	3	27
1546	2016	3	28
1547	2016	3	29
1548	2016	3	30
1549	2016	3	31
1550	2016	4	1
1551	2016	4	2
1552	2016	4	3
1553	2016	4	4
1554	2016	4	5
1555	2016	4	6
1556	2016	4	7
1557	2016	4	8
1558	2016	4	9
1559	2016	4	10
1560	2016	4	11
1561	2016	4	12
1562	2016	4	13
1563	2016	4	14
1564	2016	4	15
1565	2016	4	16
1566	2016	4	17
1567	2016	4	18
1568	2016	4	19
1569	2016	4	20
1570	2016	4	21
1571	2016	4	22
1572	2016	4	23
1573	2016	4	24
1574	2016	4	25
1575	2016	4	26
1576	2016	4	27
1577	2016	4	28
1578	2016	4	29
1579	2016	4	30
1580	2016	5	1
1581	2016	5	2
1582	2016	5	3
1583	2016	5	4
1584	2016	5	5
1585	2016	5	6
1586	2016	5	7
1587	2016	5	8
1588	2016	5	9
1589	2016	5	10
1590	2016	5	11
1591	2016	5	12
1592	2016	5	13
1593	2016	5	14
1594	2016	5	15
1595	2016	5	16
1596	2016	5	17
1597	2016	5	18
1598	2016	5	19
1599	2016	5	20
1600	2016	5	21
1601	2016	5	22
1602	2016	5	23
1603	2016	5	24
1604	2016	5	25
1605	2016	5	26
1606	2016	5	27
1607	2016	5	28
1608	2016	5	29
1609	2016	5	30
1610	2016	5	31
1611	2016	6	1
1612	2016	6	2
1613	2016	6	3
1614	2016	6	4
1615	2016	6	5
1616	2016	6	6
1617	2016	6	7
1618	2016	6	8
1619	2016	6	9
1620	2016	6	10
1621	2016	6	11
1622	2016	6	12
1623	2016	6	13
1624	2016	6	14
1625	2016	6	15
1626	2016	6	16
1627	2016	6	17
1628	2016	6	18
1629	2016	6	19
1630	2016	6	20
1631	2016	6	21
1632	2016	6	22
1633	2016	6	23
1634	2016	6	24
1635	2016	6	25
1636	2016	6	26
1637	2016	6	27
1638	2016	6	28
1639	2016	6	29
1640	2016	6	30
1641	2016	7	1
1642	2016	7	2
1643	2016	7	3
1644	2016	7	4
1645	2016	7	5
1646	2016	7	6
1647	2016	7	7
1648	2016	7	8
1649	2016	7	9
1650	2016	7	10
1651	2016	7	11
1652	2016	7	12
1653	2016	7	13
1654	2016	7	14
1655	2016	7	15
1656	2016	7	16
1657	2016	7	17
1658	2016	7	18
1659	2016	7	19
1660	2016	7	20
1661	2016	7	21
1662	2016	7	22
1663	2016	7	23
1664	2016	7	24
1665	2016	7	25
1666	2016	7	26
1667	2016	7	27
1668	2016	7	28
1669	2016	7	29
1670	2016	7	30
1671	2016	7	31
1672	2016	8	1
1673	2016	8	2
1674	2016	8	3
1675	2016	8	4
1676	2016	8	5
1677	2016	8	6
1678	2016	8	7
1679	2016	8	8
1680	2016	8	9
1681	2016	8	10
1682	2016	8	11
1683	2016	8	12
1684	2016	8	13
1685	2016	8	14
1686	2016	8	15
1687	2016	8	16
1688	2016	8	17
1689	2016	8	18
1690	2016	8	19
1691	2016	8	20
1692	2016	8	21
1693	2016	8	22
1694	2016	8	23
1695	2016	8	24
1696	2016	8	25
1697	2016	8	26
1698	2016	8	27
1699	2016	8	28
1700	2016	8	29
1701	2016	8	30
1702	2016	8	31
1703	2016	9	1
1704	2016	9	2
1705	2016	9	3
1706	2016	9	4
1707	2016	9	5
1708	2016	9	6
1709	2016	9	7
1710	2016	9	8
1711	2016	9	9
1712	2016	9	10
1713	2016	9	11
1714	2016	9	12
1715	2016	9	13
1716	2016	9	14
1717	2016	9	15
1718	2016	9	16
1719	2016	9	17
1720	2016	9	18
1721	2016	9	19
1722	2016	9	20
1723	2016	9	21
1724	2016	9	22
1725	2016	9	23
1726	2016	9	24
1727	2016	9	25
1728	2016	9	26
1729	2016	9	27
1730	2016	9	28
1731	2016	9	29
1732	2016	9	30
1733	2016	10	1
1734	2016	10	2
1735	2016	10	3
1736	2016	10	4
1737	2016	10	5
1738	2016	10	6
1739	2016	10	7
1740	2016	10	8
1741	2016	10	9
1742	2016	10	10
1743	2016	10	11
1744	2016	10	12
1745	2016	10	13
1746	2016	10	14
1747	2016	10	15
1748	2016	10	16
1749	2016	10	17
1750	2016	10	18
1751	2016	10	19
1752	2016	10	20
1753	2016	10	21
1754	2016	10	22
1755	2016	10	23
1756	2016	10	24
1757	2016	10	25
1758	2016	10	26
1759	2016	10	27
1760	2016	10	28
1761	2016	10	29
1762	2016	10	30
1763	2016	10	31
1764	2016	11	1
1765	2016	11	2
1766	2016	11	3
1767	2016	11	4
1768	2016	11	5
1769	2016	11	6
1770	2016	11	7
1771	2016	11	8
1772	2016	11	9
1773	2016	11	10
1774	2016	11	11
1775	2016	11	12
1776	2016	11	13
1777	2016	11	14
1778	2016	11	15
1779	2016	11	16
1780	2016	11	17
1781	2016	11	18
1782	2016	11	19
1783	2016	11	20
1784	2016	11	21
1785	2016	11	22
1786	2016	11	23
1787	2016	11	24
1788	2016	11	25
1789	2016	11	26
1790	2016	11	27
1791	2016	11	28
1792	2016	11	29
1793	2016	11	30
1794	2016	12	1
1795	2016	12	2
1796	2016	12	3
1797	2016	12	4
1798	2016	12	5
1799	2016	12	6
1800	2016	12	7
1801	2016	12	8
1802	2016	12	9
1803	2016	12	10
1804	2016	12	11
1805	2016	12	12
1806	2016	12	13
1807	2016	12	14
1808	2016	12	15
1809	2016	12	16
1810	2016	12	17
1811	2016	12	18
1812	2016	12	19
1813	2016	12	20
1814	2016	12	21
1815	2016	12	22
1816	2016	12	23
1817	2016	12	24
1818	2016	12	25
1819	2016	12	26
1820	2016	12	27
1821	2016	12	28
1822	2016	12	29
1823	2016	12	30
1824	2016	12	31
1825	2017	1	1
1826	2017	1	2
1827	2017	1	3
1828	2017	1	4
1829	2017	1	5
1830	2017	1	6
1831	2017	1	7
1832	2017	1	8
1833	2017	1	9
1834	2017	1	10
1835	2017	1	11
1836	2017	1	12
1837	2017	1	13
1838	2017	1	14
1839	2017	1	15
1840	2017	1	16
1841	2017	1	17
1842	2017	1	18
1843	2017	1	19
1844	2017	1	20
1845	2017	1	21
1846	2017	1	22
1847	2017	1	23
1848	2017	1	24
1849	2017	1	25
1850	2017	1	26
1851	2017	1	27
1852	2017	1	28
1853	2017	1	29
1854	2017	1	30
1855	2017	1	31
1856	2017	2	1
1857	2017	2	2
1858	2017	2	3
1859	2017	2	4
1860	2017	2	5
1861	2017	2	6
1862	2017	2	7
1863	2017	2	8
1864	2017	2	9
1865	2017	2	10
1866	2017	2	11
1867	2017	2	12
1868	2017	2	13
1869	2017	2	14
1870	2017	2	15
1871	2017	2	16
1872	2017	2	17
1873	2017	2	18
1874	2017	2	19
1875	2017	2	20
1876	2017	2	21
1877	2017	2	22
1878	2017	2	23
1879	2017	2	24
1880	2017	2	25
1881	2017	2	26
1882	2017	2	27
1883	2017	2	28
1884	2017	3	1
1885	2017	3	2
1886	2017	3	3
1887	2017	3	4
1888	2017	3	5
1889	2017	3	6
1890	2017	3	7
1891	2017	3	8
1892	2017	3	9
1893	2017	3	10
1894	2017	3	11
1895	2017	3	12
1896	2017	3	13
1897	2017	3	14
1898	2017	3	15
1899	2017	3	16
1900	2017	3	17
1901	2017	3	18
1902	2017	3	19
1903	2017	3	20
1904	2017	3	21
1905	2017	3	22
1906	2017	3	23
1907	2017	3	24
1908	2017	3	25
1909	2017	3	26
1910	2017	3	27
1911	2017	3	28
1912	2017	3	29
1913	2017	3	30
1914	2017	3	31
1915	2017	4	1
1916	2017	4	2
1917	2017	4	3
1918	2017	4	4
1919	2017	4	5
1920	2017	4	6
1921	2017	4	7
1922	2017	4	8
1923	2017	4	9
1924	2017	4	10
1925	2017	4	11
1926	2017	4	12
1927	2017	4	13
1928	2017	4	14
1929	2017	4	15
1930	2017	4	16
1931	2017	4	17
1932	2017	4	18
1933	2017	4	19
1934	2017	4	20
1935	2017	4	21
1936	2017	4	22
1937	2017	4	23
1938	2017	4	24
1939	2017	4	25
1940	2017	4	26
1941	2017	4	27
1942	2017	4	28
1943	2017	4	29
1944	2017	4	30
1945	2017	5	1
1946	2017	5	2
1947	2017	5	3
1948	2017	5	4
1949	2017	5	5
1950	2017	5	6
1951	2017	5	7
1952	2017	5	8
1953	2017	5	9
1954	2017	5	10
1955	2017	5	11
1956	2017	5	12
1957	2017	5	13
1958	2017	5	14
1959	2017	5	15
1960	2017	5	16
1961	2017	5	17
1962	2017	5	18
1963	2017	5	19
1964	2017	5	20
1965	2017	5	21
1966	2017	5	22
1967	2017	5	23
1968	2017	5	24
1969	2017	5	25
1970	2017	5	26
1971	2017	5	27
1972	2017	5	28
1973	2017	5	29
1974	2017	5	30
1975	2017	5	31
1976	2017	6	1
1977	2017	6	2
1978	2017	6	3
1979	2017	6	4
1980	2017	6	5
1981	2017	6	6
1982	2017	6	7
1983	2017	6	8
1984	2017	6	9
1985	2017	6	10
1986	2017	6	11
1987	2017	6	12
1988	2017	6	13
1989	2017	6	14
1990	2017	6	15
1991	2017	6	16
1992	2017	6	17
1993	2017	6	18
1994	2017	6	19
1995	2017	6	20
1996	2017	6	21
1997	2017	6	22
1998	2017	6	23
1999	2017	6	24
2000	2017	6	25
2001	2017	6	26
2002	2017	6	27
2003	2017	6	28
2004	2017	6	29
2005	2017	6	30
2006	2017	7	1
2007	2017	7	2
2008	2017	7	3
2009	2017	7	4
2010	2017	7	5
2011	2017	7	6
2012	2017	7	7
2013	2017	7	8
2014	2017	7	9
2015	2017	7	10
2016	2017	7	11
2017	2017	7	12
2018	2017	7	13
2019	2017	7	14
2020	2017	7	15
2021	2017	7	16
2022	2017	7	17
2023	2017	7	18
2024	2017	7	19
2025	2017	7	20
2026	2017	7	21
2027	2017	7	22
2028	2017	7	23
2029	2017	7	24
2030	2017	7	25
2031	2017	7	26
2032	2017	7	27
2033	2017	7	28
2034	2017	7	29
2035	2017	7	30
2036	2017	7	31
2037	2017	8	1
2038	2017	8	2
2039	2017	8	3
2040	2017	8	4
2041	2017	8	5
2042	2017	8	6
2043	2017	8	7
2044	2017	8	8
2045	2017	8	9
2046	2017	8	10
2047	2017	8	11
2048	2017	8	12
2049	2017	8	13
2050	2017	8	14
2051	2017	8	15
2052	2017	8	16
2053	2017	8	17
2054	2017	8	18
2055	2017	8	19
2056	2017	8	20
2057	2017	8	21
2058	2017	8	22
2059	2017	8	23
2060	2017	8	24
2061	2017	8	25
2062	2017	8	26
2063	2017	8	27
2064	2017	8	28
2065	2017	8	29
2066	2017	8	30
2067	2017	8	31
2068	2017	9	1
2069	2017	9	2
2070	2017	9	3
2071	2017	9	4
2072	2017	9	5
2073	2017	9	6
2074	2017	9	7
2075	2017	9	8
2076	2017	9	9
2077	2017	9	10
2078	2017	9	11
2079	2017	9	12
2080	2017	9	13
2081	2017	9	14
2082	2017	9	15
2083	2017	9	16
2084	2017	9	17
2085	2017	9	18
2086	2017	9	19
2087	2017	9	20
2088	2017	9	21
2089	2017	9	22
2090	2017	9	23
2091	2017	9	24
2092	2017	9	25
2093	2017	9	26
2094	2017	9	27
2095	2017	9	28
2096	2017	9	29
2097	2017	9	30
2098	2017	10	1
2099	2017	10	2
2100	2017	10	3
2101	2017	10	4
2102	2017	10	5
2103	2017	10	6
2104	2017	10	7
2105	2017	10	8
2106	2017	10	9
2107	2017	10	10
2108	2017	10	11
2109	2017	10	12
2110	2017	10	13
2111	2017	10	14
2112	2017	10	15
2113	2017	10	16
2114	2017	10	17
2115	2017	10	18
2116	2017	10	19
2117	2017	10	20
2118	2017	10	21
2119	2017	10	22
2120	2017	10	23
2121	2017	10	24
2122	2017	10	25
2123	2017	10	26
2124	2017	10	27
2125	2017	10	28
2126	2017	10	29
2127	2017	10	30
2128	2017	10	31
2129	2017	11	1
2130	2017	11	2
2131	2017	11	3
2132	2017	11	4
2133	2017	11	5
2134	2017	11	6
2135	2017	11	7
2136	2017	11	8
2137	2017	11	9
2138	2017	11	10
2139	2017	11	11
2140	2017	11	12
2141	2017	11	13
2142	2017	11	14
2143	2017	11	15
2144	2017	11	16
2145	2017	11	17
2146	2017	11	18
2147	2017	11	19
2148	2017	11	20
2149	2017	11	21
2150	2017	11	22
2151	2017	11	23
2152	2017	11	24
2153	2017	11	25
2154	2017	11	26
2155	2017	11	27
2156	2017	11	28
2157	2017	11	29
2158	2017	11	30
2159	2017	12	1
2160	2017	12	2
2161	2017	12	3
2162	2017	12	4
2163	2017	12	5
2164	2017	12	6
2165	2017	12	7
2166	2017	12	8
2167	2017	12	9
2168	2017	12	10
2169	2017	12	11
2170	2017	12	12
2171	2017	12	13
2172	2017	12	14
2173	2017	12	15
2174	2017	12	16
2175	2017	12	17
2176	2017	12	18
2177	2017	12	19
2178	2017	12	20
2179	2017	12	21
2180	2017	12	22
2181	2017	12	23
2182	2017	12	24
2183	2017	12	25
2184	2017	12	26
2185	2017	12	27
2186	2017	12	28
2187	2017	12	29
2188	2017	12	30
2189	2017	12	31
2190	2018	1	1
2191	2018	1	2
2192	2018	1	3
2193	2018	1	4
2194	2018	1	5
2195	2018	1	6
2196	2018	1	7
2197	2018	1	8
2198	2018	1	9
2199	2018	1	10
2200	2018	1	11
2201	2018	1	12
2202	2018	1	13
2203	2018	1	14
2204	2018	1	15
2205	2018	1	16
2206	2018	1	17
2207	2018	1	18
2208	2018	1	19
2209	2018	1	20
2210	2018	1	21
2211	2018	1	22
2212	2018	1	23
2213	2018	1	24
2214	2018	1	25
2215	2018	1	26
2216	2018	1	27
2217	2018	1	28
2218	2018	1	29
2219	2018	1	30
2220	2018	1	31
2221	2018	2	1
2222	2018	2	2
2223	2018	2	3
2224	2018	2	4
2225	2018	2	5
2226	2018	2	6
2227	2018	2	7
2228	2018	2	8
2229	2018	2	9
2230	2018	2	10
2231	2018	2	11
2232	2018	2	12
2233	2018	2	13
2234	2018	2	14
2235	2018	2	15
2236	2018	2	16
2237	2018	2	17
2238	2018	2	18
2239	2018	2	19
2240	2018	2	20
2241	2018	2	21
2242	2018	2	22
2243	2018	2	23
2244	2018	2	24
2245	2018	2	25
2246	2018	2	26
2247	2018	2	27
2248	2018	2	28
2249	2018	3	1
2250	2018	3	2
2251	2018	3	3
2252	2018	3	4
2253	2018	3	5
2254	2018	3	6
2255	2018	3	7
2256	2018	3	8
2257	2018	3	9
2258	2018	3	10
2259	2018	3	11
2260	2018	3	12
2261	2018	3	13
2262	2018	3	14
2263	2018	3	15
2264	2018	3	16
2265	2018	3	17
2266	2018	3	18
2267	2018	3	19
2268	2018	3	20
2269	2018	3	21
2270	2018	3	22
2271	2018	3	23
2272	2018	3	24
2273	2018	3	25
2274	2018	3	26
2275	2018	3	27
2276	2018	3	28
2277	2018	3	29
2278	2018	3	30
2279	2018	3	31
2280	2018	4	1
2281	2018	4	2
2282	2018	4	3
2283	2018	4	4
2284	2018	4	5
2285	2018	4	6
2286	2018	4	7
2287	2018	4	8
2288	2018	4	9
2289	2018	4	10
2290	2018	4	11
2291	2018	4	12
2292	2018	4	13
2293	2018	4	14
2294	2018	4	15
2295	2018	4	16
2296	2018	4	17
2297	2018	4	18
2298	2018	4	19
2299	2018	4	20
2300	2018	4	21
2301	2018	4	22
2302	2018	4	23
2303	2018	4	24
2304	2018	4	25
2305	2018	4	26
2306	2018	4	27
2307	2018	4	28
2308	2018	4	29
2309	2018	4	30
2310	2018	5	1
2311	2018	5	2
2312	2018	5	3
2313	2018	5	4
2314	2018	5	5
2315	2018	5	6
2316	2018	5	7
2317	2018	5	8
2318	2018	5	9
2319	2018	5	10
2320	2018	5	11
2321	2018	5	12
2322	2018	5	13
2323	2018	5	14
2324	2018	5	15
2325	2018	5	16
2326	2018	5	17
2327	2018	5	18
2328	2018	5	19
2329	2018	5	20
2330	2018	5	21
2331	2018	5	22
2332	2018	5	23
2333	2018	5	24
2334	2018	5	25
2335	2018	5	26
2336	2018	5	27
2337	2018	5	28
2338	2018	5	29
2339	2018	5	30
2340	2018	5	31
2341	2018	6	1
2342	2018	6	2
2343	2018	6	3
2344	2018	6	4
2345	2018	6	5
2346	2018	6	6
2347	2018	6	7
2348	2018	6	8
2349	2018	6	9
2350	2018	6	10
2351	2018	6	11
2352	2018	6	12
2353	2018	6	13
2354	2018	6	14
2355	2018	6	15
2356	2018	6	16
2357	2018	6	17
2358	2018	6	18
2359	2018	6	19
2360	2018	6	20
2361	2018	6	21
2362	2018	6	22
2363	2018	6	23
2364	2018	6	24
2365	2018	6	25
2366	2018	6	26
2367	2018	6	27
2368	2018	6	28
2369	2018	6	29
2370	2018	6	30
2371	2018	7	1
2372	2018	7	2
2373	2018	7	3
2374	2018	7	4
2375	2018	7	5
2376	2018	7	6
2377	2018	7	7
2378	2018	7	8
2379	2018	7	9
2380	2018	7	10
2381	2018	7	11
2382	2018	7	12
2383	2018	7	13
2384	2018	7	14
2385	2018	7	15
2386	2018	7	16
2387	2018	7	17
2388	2018	7	18
2389	2018	7	19
2390	2018	7	20
2391	2018	7	21
2392	2018	7	22
2393	2018	7	23
2394	2018	7	24
2395	2018	7	25
2396	2018	7	26
2397	2018	7	27
2398	2018	7	28
2399	2018	7	29
2400	2018	7	30
2401	2018	7	31
2402	2018	8	1
2403	2018	8	2
2404	2018	8	3
2405	2018	8	4
2406	2018	8	5
2407	2018	8	6
2408	2018	8	7
2409	2018	8	8
2410	2018	8	9
2411	2018	8	10
2412	2018	8	11
2413	2018	8	12
2414	2018	8	13
2415	2018	8	14
2416	2018	8	15
2417	2018	8	16
2418	2018	8	17
2419	2018	8	18
2420	2018	8	19
2421	2018	8	20
2422	2018	8	21
2423	2018	8	22
2424	2018	8	23
2425	2018	8	24
2426	2018	8	25
2427	2018	8	26
2428	2018	8	27
2429	2018	8	28
2430	2018	8	29
2431	2018	8	30
2432	2018	8	31
2433	2018	9	1
2434	2018	9	2
2435	2018	9	3
2436	2018	9	4
2437	2018	9	5
2438	2018	9	6
2439	2018	9	7
2440	2018	9	8
2441	2018	9	9
2442	2018	9	10
2443	2018	9	11
2444	2018	9	12
2445	2018	9	13
2446	2018	9	14
2447	2018	9	15
2448	2018	9	16
2449	2018	9	17
2450	2018	9	18
2451	2018	9	19
2452	2018	9	20
2453	2018	9	21
2454	2018	9	22
2455	2018	9	23
2456	2018	9	24
2457	2018	9	25
2458	2018	9	26
2459	2018	9	27
2460	2018	9	28
2461	2018	9	29
2462	2018	9	30
2463	2018	10	1
2464	2018	10	2
2465	2018	10	3
2466	2018	10	4
2467	2018	10	5
2468	2018	10	6
2469	2018	10	7
2470	2018	10	8
2471	2018	10	9
2472	2018	10	10
2473	2018	10	11
2474	2018	10	12
2475	2018	10	13
2476	2018	10	14
2477	2018	10	15
2478	2018	10	16
2479	2018	10	17
2480	2018	10	18
2481	2018	10	19
2482	2018	10	20
2483	2018	10	21
2484	2018	10	22
2485	2018	10	23
2486	2018	10	24
2487	2018	10	25
2488	2018	10	26
2489	2018	10	27
2490	2018	10	28
2491	2018	10	29
2492	2018	10	30
2493	2018	10	31
2494	2018	11	1
2495	2018	11	2
2496	2018	11	3
2497	2018	11	4
2498	2018	11	5
2499	2018	11	6
2500	2018	11	7
2501	2018	11	8
2502	2018	11	9
2503	2018	11	10
2504	2018	11	11
2505	2018	11	12
2506	2018	11	13
2507	2018	11	14
2508	2018	11	15
2509	2018	11	16
2510	2018	11	17
2511	2018	11	18
2512	2018	11	19
2513	2018	11	20
2514	2018	11	21
2515	2018	11	22
2516	2018	11	23
2517	2018	11	24
2518	2018	11	25
2519	2018	11	26
2520	2018	11	27
2521	2018	11	28
2522	2018	11	29
2523	2018	11	30
2524	2018	12	1
2525	2018	12	2
2526	2018	12	3
2527	2018	12	4
2528	2018	12	5
2529	2018	12	6
2530	2018	12	7
2531	2018	12	8
2532	2018	12	9
2533	2018	12	10
2534	2018	12	11
2535	2018	12	12
2536	2018	12	13
2537	2018	12	14
2538	2018	12	15
2539	2018	12	16
2540	2018	12	17
2541	2018	12	18
2542	2018	12	19
2543	2018	12	20
2544	2018	12	21
2545	2018	12	22
2546	2018	12	23
2547	2018	12	24
2548	2018	12	25
2549	2018	12	26
2550	2018	12	27
2551	2018	12	28
2552	2018	12	29
2553	2018	12	30
2554	2018	12	31
2555	2019	1	1
2556	2019	1	2
2557	2019	1	3
2558	2019	1	4
2559	2019	1	5
2560	2019	1	6
2561	2019	1	7
2562	2019	1	8
2563	2019	1	9
2564	2019	1	10
2565	2019	1	11
2566	2019	1	12
2567	2019	1	13
2568	2019	1	14
2569	2019	1	15
2570	2019	1	16
2571	2019	1	17
2572	2019	1	18
2573	2019	1	19
2574	2019	1	20
2575	2019	1	21
2576	2019	1	22
2577	2019	1	23
2578	2019	1	24
2579	2019	1	25
2580	2019	1	26
2581	2019	1	27
2582	2019	1	28
2583	2019	1	29
2584	2019	1	30
2585	2019	1	31
2586	2019	2	1
2587	2019	2	2
2588	2019	2	3
2589	2019	2	4
2590	2019	2	5
2591	2019	2	6
2592	2019	2	7
2593	2019	2	8
2594	2019	2	9
2595	2019	2	10
2596	2019	2	11
2597	2019	2	12
2598	2019	2	13
2599	2019	2	14
2600	2019	2	15
2601	2019	2	16
2602	2019	2	17
2603	2019	2	18
2604	2019	2	19
2605	2019	2	20
2606	2019	2	21
2607	2019	2	22
2608	2019	2	23
2609	2019	2	24
2610	2019	2	25
2611	2019	2	26
2612	2019	2	27
2613	2019	2	28
2614	2019	3	1
2615	2019	3	2
2616	2019	3	3
2617	2019	3	4
2618	2019	3	5
2619	2019	3	6
2620	2019	3	7
2621	2019	3	8
2622	2019	3	9
2623	2019	3	10
2624	2019	3	11
2625	2019	3	12
2626	2019	3	13
2627	2019	3	14
2628	2019	3	15
2629	2019	3	16
2630	2019	3	17
2631	2019	3	18
2632	2019	3	19
2633	2019	3	20
2634	2019	3	21
2635	2019	3	22
2636	2019	3	23
2637	2019	3	24
2638	2019	3	25
2639	2019	3	26
2640	2019	3	27
2641	2019	3	28
2642	2019	3	29
2643	2019	3	30
2644	2019	3	31
2645	2019	4	1
2646	2019	4	2
2647	2019	4	3
2648	2019	4	4
2649	2019	4	5
2650	2019	4	6
2651	2019	4	7
2652	2019	4	8
2653	2019	4	9
2654	2019	4	10
2655	2019	4	11
2656	2019	4	12
2657	2019	4	13
2658	2019	4	14
2659	2019	4	15
2660	2019	4	16
2661	2019	4	17
2662	2019	4	18
2663	2019	4	19
2664	2019	4	20
2665	2019	4	21
2666	2019	4	22
2667	2019	4	23
2668	2019	4	24
2669	2019	4	25
2670	2019	4	26
2671	2019	4	27
2672	2019	4	28
2673	2019	4	29
2674	2019	4	30
2675	2019	5	1
2676	2019	5	2
2677	2019	5	3
2678	2019	5	4
2679	2019	5	5
2680	2019	5	6
2681	2019	5	7
2682	2019	5	8
2683	2019	5	9
2684	2019	5	10
2685	2019	5	11
2686	2019	5	12
2687	2019	5	13
2688	2019	5	14
2689	2019	5	15
2690	2019	5	16
2691	2019	5	17
2692	2019	5	18
2693	2019	5	19
2694	2019	5	20
2695	2019	5	21
2696	2019	5	22
2697	2019	5	23
2698	2019	5	24
2699	2019	5	25
2700	2019	5	26
2701	2019	5	27
2702	2019	5	28
2703	2019	5	29
2704	2019	5	30
2705	2019	5	31
2706	2019	6	1
2707	2019	6	2
2708	2019	6	3
2709	2019	6	4
2710	2019	6	5
2711	2019	6	6
2712	2019	6	7
2713	2019	6	8
2714	2019	6	9
2715	2019	6	10
2716	2019	6	11
2717	2019	6	12
2718	2019	6	13
2719	2019	6	14
2720	2019	6	15
2721	2019	6	16
2722	2019	6	17
2723	2019	6	18
2724	2019	6	19
2725	2019	6	20
2726	2019	6	21
2727	2019	6	22
2728	2019	6	23
2729	2019	6	24
2730	2019	6	25
2731	2019	6	26
2732	2019	6	27
2733	2019	6	28
2734	2019	6	29
2735	2019	6	30
2736	2019	7	1
2737	2019	7	2
2738	2019	7	3
2739	2019	7	4
2740	2019	7	5
2741	2019	7	6
2742	2019	7	7
2743	2019	7	8
2744	2019	7	9
2745	2019	7	10
2746	2019	7	11
2747	2019	7	12
2748	2019	7	13
2749	2019	7	14
2750	2019	7	15
2751	2019	7	16
2752	2019	7	17
2753	2019	7	18
2754	2019	7	19
2755	2019	7	20
2756	2019	7	21
2757	2019	7	22
2758	2019	7	23
2759	2019	7	24
2760	2019	7	25
2761	2019	7	26
2762	2019	7	27
2763	2019	7	28
2764	2019	7	29
2765	2019	7	30
2766	2019	7	31
2767	2019	8	1
2768	2019	8	2
2769	2019	8	3
2770	2019	8	4
2771	2019	8	5
2772	2019	8	6
2773	2019	8	7
2774	2019	8	8
2775	2019	8	9
2776	2019	8	10
2777	2019	8	11
2778	2019	8	12
2779	2019	8	13
2780	2019	8	14
2781	2019	8	15
2782	2019	8	16
2783	2019	8	17
2784	2019	8	18
2785	2019	8	19
2786	2019	8	20
2787	2019	8	21
2788	2019	8	22
2789	2019	8	23
2790	2019	8	24
2791	2019	8	25
2792	2019	8	26
2793	2019	8	27
2794	2019	8	28
2795	2019	8	29
2796	2019	8	30
2797	2019	8	31
2798	2019	9	1
2799	2019	9	2
2800	2019	9	3
2801	2019	9	4
2802	2019	9	5
2803	2019	9	6
2804	2019	9	7
2805	2019	9	8
2806	2019	9	9
2807	2019	9	10
2808	2019	9	11
2809	2019	9	12
2810	2019	9	13
2811	2019	9	14
2812	2019	9	15
2813	2019	9	16
2814	2019	9	17
2815	2019	9	18
2816	2019	9	19
2817	2019	9	20
2818	2019	9	21
2819	2019	9	22
2820	2019	9	23
2821	2019	9	24
2822	2019	9	25
2823	2019	9	26
2824	2019	9	27
2825	2019	9	28
2826	2019	9	29
2827	2019	9	30
2828	2019	10	1
2829	2019	10	2
2830	2019	10	3
2831	2019	10	4
2832	2019	10	5
2833	2019	10	6
2834	2019	10	7
2835	2019	10	8
2836	2019	10	9
2837	2019	10	10
2838	2019	10	11
2839	2019	10	12
2840	2019	10	13
2841	2019	10	14
2842	2019	10	15
2843	2019	10	16
2844	2019	10	17
2845	2019	10	18
2846	2019	10	19
2847	2019	10	20
2848	2019	10	21
2849	2019	10	22
2850	2019	10	23
2851	2019	10	24
2852	2019	10	25
2853	2019	10	26
2854	2019	10	27
2855	2019	10	28
2856	2019	10	29
2857	2019	10	30
2858	2019	10	31
2859	2019	11	1
2860	2019	11	2
2861	2019	11	3
2862	2019	11	4
2863	2019	11	5
2864	2019	11	6
2865	2019	11	7
2866	2019	11	8
2867	2019	11	9
2868	2019	11	10
2869	2019	11	11
2870	2019	11	12
2871	2019	11	13
2872	2019	11	14
2873	2019	11	15
2874	2019	11	16
2875	2019	11	17
2876	2019	11	18
2877	2019	11	19
2878	2019	11	20
2879	2019	11	21
2880	2019	11	22
2881	2019	11	23
2882	2019	11	24
2883	2019	11	25
2884	2019	11	26
2885	2019	11	27
2886	2019	11	28
2887	2019	11	29
2888	2019	11	30
2889	2019	12	1
2890	2019	12	2
2891	2019	12	3
2892	2019	12	4
2893	2019	12	5
2894	2019	12	6
2895	2019	12	7
2896	2019	12	8
2897	2019	12	9
2898	2019	12	10
2899	2019	12	11
2900	2019	12	12
2901	2019	12	13
2902	2019	12	14
2903	2019	12	15
2904	2019	12	16
2905	2019	12	17
2906	2019	12	18
2907	2019	12	19
2908	2019	12	20
2909	2019	12	21
2910	2019	12	22
2911	2019	12	23
2912	2019	12	24
2913	2019	12	25
2914	2019	12	26
2915	2019	12	27
2916	2019	12	28
2917	2019	12	29
2918	2019	12	30
2919	2019	12	31
2920	2020	1	1
2921	2020	1	2
2922	2020	1	3
2923	2020	1	4
2924	2020	1	5
2925	2020	1	6
2926	2020	1	7
2927	2020	1	8
2928	2020	1	9
2929	2020	1	10
2930	2020	1	11
2931	2020	1	12
2932	2020	1	13
2933	2020	1	14
2934	2020	1	15
2935	2020	1	16
2936	2020	1	17
2937	2020	1	18
2938	2020	1	19
2939	2020	1	20
2940	2020	1	21
2941	2020	1	22
2942	2020	1	23
2943	2020	1	24
2944	2020	1	25
2945	2020	1	26
2946	2020	1	27
2947	2020	1	28
2948	2020	1	29
2949	2020	1	30
2950	2020	1	31
2951	2020	2	1
2952	2020	2	2
2953	2020	2	3
2954	2020	2	4
2955	2020	2	5
2956	2020	2	6
2957	2020	2	7
2958	2020	2	8
2959	2020	2	9
2960	2020	2	10
2961	2020	2	11
2962	2020	2	12
2963	2020	2	13
2964	2020	2	14
2965	2020	2	15
2966	2020	2	16
2967	2020	2	17
2968	2020	2	18
2969	2020	2	19
2970	2020	2	20
2971	2020	2	21
2972	2020	2	22
2973	2020	2	23
2974	2020	2	24
2975	2020	2	25
2976	2020	2	26
2977	2020	2	27
2978	2020	2	28
2979	2020	2	29
2980	2020	3	1
2981	2020	3	2
2982	2020	3	3
2983	2020	3	4
2984	2020	3	5
2985	2020	3	6
2986	2020	3	7
2987	2020	3	8
2988	2020	3	9
2989	2020	3	10
2990	2020	3	11
2991	2020	3	12
2992	2020	3	13
2993	2020	3	14
2994	2020	3	15
2995	2020	3	16
2996	2020	3	17
2997	2020	3	18
2998	2020	3	19
2999	2020	3	20
3000	2020	3	21
3001	2020	3	22
3002	2020	3	23
3003	2020	3	24
3004	2020	3	25
3005	2020	3	26
3006	2020	3	27
3007	2020	3	28
3008	2020	3	29
3009	2020	3	30
3010	2020	3	31
3011	2020	4	1
3012	2020	4	2
3013	2020	4	3
3014	2020	4	4
3015	2020	4	5
3016	2020	4	6
3017	2020	4	7
3018	2020	4	8
3019	2020	4	9
3020	2020	4	10
3021	2020	4	11
3022	2020	4	12
3023	2020	4	13
3024	2020	4	14
3025	2020	4	15
3026	2020	4	16
3027	2020	4	17
3028	2020	4	18
3029	2020	4	19
3030	2020	4	20
3031	2020	4	21
3032	2020	4	22
3033	2020	4	23
3034	2020	4	24
3035	2020	4	25
3036	2020	4	26
3037	2020	4	27
3038	2020	4	28
3039	2020	4	29
3040	2020	4	30
3041	2020	5	1
3042	2020	5	2
3043	2020	5	3
3044	2020	5	4
3045	2020	5	5
3046	2020	5	6
3047	2020	5	7
3048	2020	5	8
3049	2020	5	9
3050	2020	5	10
3051	2020	5	11
3052	2020	5	12
3053	2020	5	13
3054	2020	5	14
3055	2020	5	15
3056	2020	5	16
3057	2020	5	17
3058	2020	5	18
3059	2020	5	19
3060	2020	5	20
3061	2020	5	21
3062	2020	5	22
3063	2020	5	23
3064	2020	5	24
3065	2020	5	25
3066	2020	5	26
3067	2020	5	27
3068	2020	5	28
3069	2020	5	29
3070	2020	5	30
3071	2020	5	31
3072	2020	6	1
3073	2020	6	2
3074	2020	6	3
3075	2020	6	4
3076	2020	6	5
3077	2020	6	6
3078	2020	6	7
3079	2020	6	8
3080	2020	6	9
3081	2020	6	10
3082	2020	6	11
3083	2020	6	12
3084	2020	6	13
3085	2020	6	14
3086	2020	6	15
3087	2020	6	16
3088	2020	6	17
3089	2020	6	18
3090	2020	6	19
3091	2020	6	20
3092	2020	6	21
3093	2020	6	22
3094	2020	6	23
3095	2020	6	24
3096	2020	6	25
3097	2020	6	26
3098	2020	6	27
3099	2020	6	28
3100	2020	6	29
3101	2020	6	30
3102	2020	7	1
3103	2020	7	2
3104	2020	7	3
3105	2020	7	4
3106	2020	7	5
3107	2020	7	6
3108	2020	7	7
3109	2020	7	8
3110	2020	7	9
3111	2020	7	10
3112	2020	7	11
3113	2020	7	12
3114	2020	7	13
3115	2020	7	14
3116	2020	7	15
3117	2020	7	16
3118	2020	7	17
3119	2020	7	18
3120	2020	7	19
3121	2020	7	20
3122	2020	7	21
3123	2020	7	22
3124	2020	7	23
3125	2020	7	24
3126	2020	7	25
3127	2020	7	26
3128	2020	7	27
3129	2020	7	28
3130	2020	7	29
3131	2020	7	30
3132	2020	7	31
3133	2020	8	1
3134	2020	8	2
3135	2020	8	3
3136	2020	8	4
3137	2020	8	5
3138	2020	8	6
3139	2020	8	7
3140	2020	8	8
3141	2020	8	9
3142	2020	8	10
3143	2020	8	11
3144	2020	8	12
3145	2020	8	13
3146	2020	8	14
3147	2020	8	15
3148	2020	8	16
3149	2020	8	17
3150	2020	8	18
3151	2020	8	19
3152	2020	8	20
3153	2020	8	21
3154	2020	8	22
3155	2020	8	23
3156	2020	8	24
3157	2020	8	25
3158	2020	8	26
3159	2020	8	27
3160	2020	8	28
3161	2020	8	29
3162	2020	8	30
3163	2020	8	31
3164	2020	9	1
3165	2020	9	2
3166	2020	9	3
3167	2020	9	4
3168	2020	9	5
3169	2020	9	6
3170	2020	9	7
3171	2020	9	8
3172	2020	9	9
3173	2020	9	10
3174	2020	9	11
3175	2020	9	12
3176	2020	9	13
3177	2020	9	14
3178	2020	9	15
3179	2020	9	16
3180	2020	9	17
3181	2020	9	18
3182	2020	9	19
3183	2020	9	20
3184	2020	9	21
3185	2020	9	22
3186	2020	9	23
3187	2020	9	24
3188	2020	9	25
3189	2020	9	26
3190	2020	9	27
3191	2020	9	28
3192	2020	9	29
3193	2020	9	30
3194	2020	10	1
3195	2020	10	2
3196	2020	10	3
3197	2020	10	4
3198	2020	10	5
3199	2020	10	6
3200	2020	10	7
3201	2020	10	8
3202	2020	10	9
3203	2020	10	10
3204	2020	10	11
3205	2020	10	12
3206	2020	10	13
3207	2020	10	14
3208	2020	10	15
3209	2020	10	16
3210	2020	10	17
3211	2020	10	18
3212	2020	10	19
3213	2020	10	20
3214	2020	10	21
3215	2020	10	22
3216	2020	10	23
3217	2020	10	24
3218	2020	10	25
3219	2020	10	26
3220	2020	10	27
3221	2020	10	28
3222	2020	10	29
3223	2020	10	30
3224	2020	10	31
3225	2020	11	1
3226	2020	11	2
3227	2020	11	3
3228	2020	11	4
3229	2020	11	5
3230	2020	11	6
3231	2020	11	7
3232	2020	11	8
3233	2020	11	9
3234	2020	11	10
3235	2020	11	11
3236	2020	11	12
3237	2020	11	13
3238	2020	11	14
3239	2020	11	15
3240	2020	11	16
3241	2020	11	17
3242	2020	11	18
3243	2020	11	19
3244	2020	11	20
3245	2020	11	21
3246	2020	11	22
3247	2020	11	23
3248	2020	11	24
3249	2020	11	25
3250	2020	11	26
3251	2020	11	27
3252	2020	11	28
3253	2020	11	29
3254	2020	11	30
3255	2020	12	1
3256	2020	12	2
3257	2020	12	3
3258	2020	12	4
3259	2020	12	5
3260	2020	12	6
3261	2020	12	7
3262	2020	12	8
3263	2020	12	9
3264	2020	12	10
3265	2020	12	11
3266	2020	12	12
3267	2020	12	13
3268	2020	12	14
3269	2020	12	15
3270	2020	12	16
3271	2020	12	17
3272	2020	12	18
3273	2020	12	19
3274	2020	12	20
3275	2020	12	21
3276	2020	12	22
3277	2020	12	23
3278	2020	12	24
3279	2020	12	25
3280	2020	12	26
3281	2020	12	27
3282	2020	12	28
3283	2020	12	29
3284	2020	12	30
3285	2020	12	31
3286	2021	1	1
3287	2021	1	2
3288	2021	1	3
3289	2021	1	4
3290	2021	1	5
3291	2021	1	6
3292	2021	1	7
3293	2021	1	8
3294	2021	1	9
3295	2021	1	10
3296	2021	1	11
3297	2021	1	12
3298	2021	1	13
3299	2021	1	14
3300	2021	1	15
3301	2021	1	16
3302	2021	1	17
3303	2021	1	18
3304	2021	1	19
3305	2021	1	20
3306	2021	1	21
3307	2021	1	22
3308	2021	1	23
3309	2021	1	24
3310	2021	1	25
3311	2021	1	26
3312	2021	1	27
3313	2021	1	28
3314	2021	1	29
3315	2021	1	30
3316	2021	1	31
3317	2021	2	1
3318	2021	2	2
3319	2021	2	3
3320	2021	2	4
3321	2021	2	5
3322	2021	2	6
3323	2021	2	7
3324	2021	2	8
3325	2021	2	9
3326	2021	2	10
3327	2021	2	11
3328	2021	2	12
3329	2021	2	13
3330	2021	2	14
3331	2021	2	15
3332	2021	2	16
3333	2021	2	17
3334	2021	2	18
3335	2021	2	19
3336	2021	2	20
3337	2021	2	21
3338	2021	2	22
3339	2021	2	23
3340	2021	2	24
3341	2021	2	25
3342	2021	2	26
3343	2021	2	27
3344	2021	2	28
3345	2021	3	1
3346	2021	3	2
3347	2021	3	3
3348	2021	3	4
3349	2021	3	5
3350	2021	3	6
3351	2021	3	7
3352	2021	3	8
3353	2021	3	9
3354	2021	3	10
3355	2021	3	11
3356	2021	3	12
3357	2021	3	13
3358	2021	3	14
3359	2021	3	15
3360	2021	3	16
3361	2021	3	17
3362	2021	3	18
3363	2021	3	19
3364	2021	3	20
3365	2021	3	21
3366	2021	3	22
3367	2021	3	23
3368	2021	3	24
3369	2021	3	25
3370	2021	3	26
3371	2021	3	27
3372	2021	3	28
3373	2021	3	29
3374	2021	3	30
3375	2021	3	31
3376	2021	4	1
3377	2021	4	2
3378	2021	4	3
3379	2021	4	4
3380	2021	4	5
3381	2021	4	6
3382	2021	4	7
3383	2021	4	8
3384	2021	4	9
3385	2021	4	10
3386	2021	4	11
3387	2021	4	12
3388	2021	4	13
3389	2021	4	14
3390	2021	4	15
3391	2021	4	16
3392	2021	4	17
3393	2021	4	18
3394	2021	4	19
3395	2021	4	20
3396	2021	4	21
3397	2021	4	22
3398	2021	4	23
3399	2021	4	24
3400	2021	4	25
3401	2021	4	26
3402	2021	4	27
3403	2021	4	28
3404	2021	4	29
3405	2021	4	30
3406	2021	5	1
3407	2021	5	2
3408	2021	5	3
3409	2021	5	4
3410	2021	5	5
3411	2021	5	6
3412	2021	5	7
3413	2021	5	8
3414	2021	5	9
3415	2021	5	10
3416	2021	5	11
3417	2021	5	12
3418	2021	5	13
3419	2021	5	14
3420	2021	5	15
3421	2021	5	16
3422	2021	5	17
3423	2021	5	18
3424	2021	5	19
3425	2021	5	20
3426	2021	5	21
3427	2021	5	22
3428	2021	5	23
3429	2021	5	24
3430	2021	5	25
3431	2021	5	26
3432	2021	5	27
3433	2021	5	28
3434	2021	5	29
3435	2021	5	30
3436	2021	5	31
3437	2021	6	1
3438	2021	6	2
3439	2021	6	3
3440	2021	6	4
3441	2021	6	5
3442	2021	6	6
3443	2021	6	7
3444	2021	6	8
3445	2021	6	9
3446	2021	6	10
3447	2021	6	11
3448	2021	6	12
3449	2021	6	13
3450	2021	6	14
3451	2021	6	15
3452	2021	6	16
3453	2021	6	17
3454	2021	6	18
3455	2021	6	19
3456	2021	6	20
3457	2021	6	21
3458	2021	6	22
3459	2021	6	23
3460	2021	6	24
3461	2021	6	25
3462	2021	6	26
3463	2021	6	27
3464	2021	6	28
3465	2021	6	29
3466	2021	6	30
3467	2021	7	1
3468	2021	7	2
3469	2021	7	3
3470	2021	7	4
3471	2021	7	5
3472	2021	7	6
3473	2021	7	7
3474	2021	7	8
3475	2021	7	9
3476	2021	7	10
3477	2021	7	11
3478	2021	7	12
3479	2021	7	13
3480	2021	7	14
3481	2021	7	15
3482	2021	7	16
3483	2021	7	17
3484	2021	7	18
3485	2021	7	19
3486	2021	7	20
3487	2021	7	21
3488	2021	7	22
3489	2021	7	23
3490	2021	7	24
3491	2021	7	25
3492	2021	7	26
3493	2021	7	27
3494	2021	7	28
3495	2021	7	29
3496	2021	7	30
3497	2021	7	31
3498	2021	8	1
3499	2021	8	2
3500	2021	8	3
3501	2021	8	4
3502	2021	8	5
3503	2021	8	6
3504	2021	8	7
3505	2021	8	8
3506	2021	8	9
3507	2021	8	10
3508	2021	8	11
3509	2021	8	12
3510	2021	8	13
3511	2021	8	14
3512	2021	8	15
3513	2021	8	16
3514	2021	8	17
3515	2021	8	18
3516	2021	8	19
3517	2021	8	20
3518	2021	8	21
3519	2021	8	22
3520	2021	8	23
3521	2021	8	24
3522	2021	8	25
3523	2021	8	26
3524	2021	8	27
3525	2021	8	28
3526	2021	8	29
3527	2021	8	30
3528	2021	8	31
3529	2021	9	1
3530	2021	9	2
3531	2021	9	3
3532	2021	9	4
3533	2021	9	5
3534	2021	9	6
3535	2021	9	7
3536	2021	9	8
3537	2021	9	9
3538	2021	9	10
3539	2021	9	11
3540	2021	9	12
3541	2021	9	13
3542	2021	9	14
3543	2021	9	15
3544	2021	9	16
3545	2021	9	17
3546	2021	9	18
3547	2021	9	19
3548	2021	9	20
3549	2021	9	21
3550	2021	9	22
3551	2021	9	23
3552	2021	9	24
3553	2021	9	25
3554	2021	9	26
3555	2021	9	27
3556	2021	9	28
3557	2021	9	29
3558	2021	9	30
3559	2021	10	1
3560	2021	10	2
3561	2021	10	3
3562	2021	10	4
3563	2021	10	5
3564	2021	10	6
3565	2021	10	7
3566	2021	10	8
3567	2021	10	9
3568	2021	10	10
3569	2021	10	11
3570	2021	10	12
3571	2021	10	13
3572	2021	10	14
3573	2021	10	15
3574	2021	10	16
3575	2021	10	17
3576	2021	10	18
3577	2021	10	19
3578	2021	10	20
3579	2021	10	21
3580	2021	10	22
3581	2021	10	23
3582	2021	10	24
3583	2021	10	25
3584	2021	10	26
3585	2021	10	27
3586	2021	10	28
3587	2021	10	29
3588	2021	10	30
3589	2021	10	31
3590	2021	11	1
3591	2021	11	2
3592	2021	11	3
3593	2021	11	4
3594	2021	11	5
3595	2021	11	6
3596	2021	11	7
3597	2021	11	8
3598	2021	11	9
3599	2021	11	10
3600	2021	11	11
3601	2021	11	12
3602	2021	11	13
3603	2021	11	14
3604	2021	11	15
3605	2021	11	16
3606	2021	11	17
3607	2021	11	18
3608	2021	11	19
3609	2021	11	20
3610	2021	11	21
3611	2021	11	22
3612	2021	11	23
3613	2021	11	24
3614	2021	11	25
3615	2021	11	26
3616	2021	11	27
3617	2021	11	28
3618	2021	11	29
3619	2021	11	30
3620	2021	12	1
3621	2021	12	2
3622	2021	12	3
3623	2021	12	4
3624	2021	12	5
3625	2021	12	6
3626	2021	12	7
3627	2021	12	8
3628	2021	12	9
3629	2021	12	10
3630	2021	12	11
3631	2021	12	12
3632	2021	12	13
3633	2021	12	14
3634	2021	12	15
3635	2021	12	16
3636	2021	12	17
3637	2021	12	18
3638	2021	12	19
3639	2021	12	20
3640	2021	12	21
3641	2021	12	22
3642	2021	12	23
3643	2021	12	24
3644	2021	12	25
3645	2021	12	26
3646	2021	12	27
3647	2021	12	28
3648	2021	12	29
3649	2021	12	30
3650	2021	12	31
