date	q_ls
01.01.2012	54.8
02.01.2012	192
03.01.2012	165
04.01.2012	544
05.01.2012	116
06.01.2012	65.7
07.01.2012	53.5
08.01.2012	42.3
09.01.2012	36
10.01.2012	31.9
11.01.2012	32.9
12.01.2012	35.8
13.01.2012	26
14.01.2012	21.9
15.01.2012	20.3
16.01.2012	18.1
17.01.2012	15.8
18.01.2012	17.5
19.01.2012	17.4
20.01.2012	13.2
21.01.2012	12.3
22.01.2012	13.6
23.01.2012	12.6
24.01.2012	11.9
25.01.2012	11.6
26.01.2012	11.5
27.01.2012	11.4
28.01.2012	11
29.01.2012	10.6
30.01.2012	10.3
31.01.2012	10
01.02.2012	9.3
02.02.2012	8.9
03.02.2012	7.2
04.02.2012	6.2
05.02.2012	7.5
06.02.2012	7.5
07.02.2012	7.2
08.02.2012	7.4
09.02.2012	7.2
10.02.2012	6.9
11.02.2012	7.2
12.02.2012	6.8
13.02.2012	6.8
14.02.2012	6.8
15.02.2012	6.4
16.02.2012	6.4
17.02.2012	6.2
18.02.2012	22.5
19.02.2012	50.3
20.02.2012	11.8
21.02.2012	13.4
22.02.2012	146
23.02.2012	115
24.02.2012	79
25.02.2012	47.5
26.02.2012	22.6
27.02.2012	28.1
28.02.2012	110
01.03.2012	84.3
02.03.2012	48.5
03.03.2012	30.6
04.03.2012	22.1
05.03.2012	18.4
06.03.2012	15.8
07.03.2012	16.4
08.03.2012	14.9
09.03.2012	86.7
10.03.2012	267
11.03.2012	110
12.03.2012	143
13.03.2012	170
14.03.2012	112
15.03.2012	96.8
16.03.2012	111
17.03.2012	135
18.03.2012	116
19.03.2012	69.4
20.03.2012	65.5
21.03.2012	74.1
22.03.2012	69.7
23.03.2012	57.7
24.03.2012	47.2
25.03.2012	39.5
26.03.2012	36
27.03.2012	33.6
28.03.2012	31.1
29.03.2012	24.1
30.03.2012	20.6
31.03.2012	16.6
01.04.2012	15.5
02.04.2012	13
03.04.2012	11.1
04.04.2012	10.1
05.04.2012	10.3
06.04.2012	11.1
07.04.2012	9.2
08.04.2012	8.8
09.04.2012	18
10.04.2012	325
11.04.2012	165
12.04.2012	82.4
13.04.2012	53.6
14.04.2012	39.1
15.04.2012	39.8
16.04.2012	57.5
17.04.2012	58.6
18.04.2012	44.8
19.04.2012	97.4
20.04.2012	67.7
21.04.2012	49.2
22.04.2012	39.3
23.04.2012	181
24.04.2012	85.5
25.04.2012	59.9
26.04.2012	260
27.04.2012	195
28.04.2012	93.2
29.04.2012	56.1
30.04.2012	40.4
01.05.2012	30.9
02.05.2012	25.8
03.05.2012	21.6
04.05.2012	21
05.05.2012	72.4
06.05.2012	46
07.05.2012	29.4
08.05.2012	23.8
09.05.2012	170
10.05.2012	197
11.05.2012	224
12.05.2012	161
13.05.2012	74.9
14.05.2012	49.3
15.05.2012	35.9
16.05.2012	31.1
17.05.2012	36.4
18.05.2012	27
19.05.2012	21.8
20.05.2012	41.3
21.05.2012	26.1
22.05.2012	18.2
23.05.2012	14.2
24.05.2012	12.1
25.05.2012	10.5
26.05.2012	9
27.05.2012	8
28.05.2012	7.4
29.05.2012	5.8
30.05.2012	5.2
31.05.2012	5.4
01.06.2012	8.2
02.06.2012	4.6
03.06.2012	4.5
04.06.2012	4.3
05.06.2012	3.7
06.06.2012	3.1
07.06.2012	2.8
08.06.2012	2.6
09.06.2012	2.9
10.06.2012	3.1
11.06.2012	2.9
12.06.2012	2.3
13.06.2012	2
14.06.2012	1.9
15.06.2012	2
16.06.2012	8.8
17.06.2012	24.5
18.06.2012	8
19.06.2012	5.6
20.06.2012	3.2
21.06.2012	2.4
22.06.2012	1.9
23.06.2012	9.4
24.06.2012	7.5
25.06.2012	11.5
26.06.2012	9.1
27.06.2012	4
28.06.2012	2.6
29.06.2012	101
30.06.2012	48.1
01.07.2012	41.9
02.07.2012	46.2
03.07.2012	17.3
04.07.2012	10.1
05.07.2012	6.8
06.07.2012	4.9
07.07.2012	12.9
08.07.2012	10.3
09.07.2012	54
10.07.2012	30.3
11.07.2012	38.7
12.07.2012	49.5
13.07.2012	97.3
14.07.2012	61.4
15.07.2012	22
16.07.2012	12.5
17.07.2012	8.3
18.07.2012	7.6
19.07.2012	8.3
20.07.2012	6.8
21.07.2012	4.7
22.07.2012	3.9
23.07.2012	14.1
24.07.2012	9.4
25.07.2012	6.6
26.07.2012	4.6
27.07.2012	3.4
28.07.2012	586
29.07.2012	224
30.07.2012	53.1
31.07.2012	27.2
01.08.2012	16.4
02.08.2012	59.8
03.08.2012	171
04.08.2012	50.2
05.08.2012	24
06.08.2012	22.1
07.08.2012	175
08.08.2012	71.9
09.08.2012	30.8
10.08.2012	23.3
11.08.2012	15.9
12.08.2012	12.2
13.08.2012	10.5
14.08.2012	9
15.08.2012	7
16.08.2012	5.8
17.08.2012	5
18.08.2012	15.8
19.08.2012	14
20.08.2012	10
21.08.2012	9
22.08.2012	7.8
23.08.2012	7.8
24.08.2012	6.2
25.08.2012	9.3
26.08.2012	87
27.08.2012	28.1
28.08.2012	20.3
29.08.2012	22.6
30.08.2012	15.7
31.08.2012	11.7
01.09.2012	9.6
02.09.2012	10
03.09.2012	7.7
04.09.2012	9
05.09.2012	7.5
06.09.2012	5.4
07.09.2012	6.6
08.09.2012	5
09.09.2012	4.4
10.09.2012	4.7
11.09.2012	5.3
12.09.2012	4.5
13.09.2012	4.2
14.09.2012	59
15.09.2012	21.2
16.09.2012	12.3
17.09.2012	114
18.09.2012	148
19.09.2012	178
20.09.2012	60.3
21.09.2012	33
22.09.2012	22
23.09.2012	20.3
24.09.2012	17.7
25.09.2012	23
26.09.2012	617
27.09.2012	355
28.09.2012	95.2
29.09.2012	341
30.09.2012	94.7
01.10.2012	98.5
02.10.2012	82.2
03.10.2012	478
04.10.2012	348
05.10.2012	116
06.10.2012	69.9
07.10.2012	51
08.10.2012	40.3
09.10.2012	372
10.10.2012	96.9
11.10.2012	60.2
12.10.2012	46.2
13.10.2012	39
14.10.2012	51.4
15.10.2012	98.2
16.10.2012	163
17.10.2012	813
18.10.2012	560
19.10.2012	331
20.10.2012	789
21.10.2012	292
22.10.2012	129
23.10.2012	91.2
24.10.2012	75.1
25.10.2012	66.7
26.10.2012	53.9
27.10.2012	44.5
28.10.2012	38.6
29.10.2012	522
30.10.2012	171
31.10.2012	307
01.11.2012	738
02.11.2012	914
03.11.2012	413
04.11.2012	349
05.11.2012	150
06.11.2012	103
07.11.2012	79.4
08.11.2012	65.7
09.11.2012	67.8
10.11.2012	355
11.11.2012	376
12.11.2012	175
13.11.2012	98.9
14.11.2012	96.8
15.11.2012	110
16.11.2012	80.7
17.11.2012	173
18.11.2012	736
19.11.2012	198
20.11.2012	222
21.11.2012	403
22.11.2012	272
23.11.2012	204
24.11.2012	169
25.11.2012	112
26.11.2012	88.5
27.11.2012	129
28.11.2012	142
29.11.2012	88.5
30.11.2012	65.2
01.12.2012	49.9
02.12.2012	37.6
03.12.2012	26.9
04.12.2012	20.5
05.12.2012	18.5
06.12.2012	15.9
07.12.2012	12.9
08.12.2012	12.3
09.12.2012	11.8
10.12.2012	11.1
11.12.2012	10.1
12.12.2012	7.8
13.12.2012	7.3
14.12.2012	7.4
15.12.2012	8.1
16.12.2012	29.4
17.12.2012	64.8
18.12.2012	29.3
19.12.2012	17.8
20.12.2012	14.8
21.12.2012	12.6
22.12.2012	11.8
23.12.2012	11.9
24.12.2012	12.5
25.12.2012	12.3
26.12.2012	14.1
27.12.2012	13
28.12.2012	10.6
29.12.2012	92.9
30.12.2012	946
31.12.2012	401
01.01.2013	230
02.01.2013	54.5
03.01.2013	38.4
04.01.2013	32.3
05.01.2013	25.7
06.01.2013	24.6
07.01.2013	23.6
08.01.2013	25.6
09.01.2013	22.6
10.01.2013	19.6
11.01.2013	16.4
12.01.2013	12.9
13.01.2013	9.1
14.01.2013	6.8
15.01.2013	6.9
16.01.2013	5.7
17.01.2013	5.3
18.01.2013	5.4
19.01.2013	5.2
20.01.2013	4.7
21.01.2013	4.1
22.01.2013	3.5
23.01.2013	2.8
24.01.2013	2.6
25.01.2013	2.1
26.01.2013	2.8
27.01.2013	4
28.01.2013	4.7
29.01.2013	8
30.01.2013	83.9
31.01.2013	102
01.02.2013	18.9
02.02.2013	7.5
03.02.2013	5.5
04.02.2013	5.9
05.02.2013	5.7
06.02.2013	5.4
07.02.2013	5.3
08.02.2013	5.1
09.02.2013	4.9
10.02.2013	4.9
11.02.2013	4.7
12.02.2013	4.7
13.02.2013	4.8
14.02.2013	5.1
15.02.2013	5
16.02.2013	5
17.02.2013	5.4
18.02.2013	6.1
19.02.2013	6.8
20.02.2013	6.8
21.02.2013	6.8
22.02.2013	7
23.02.2013	7.3
24.02.2013	8
25.02.2013	7.8
26.02.2013	7.6
27.02.2013	7.5
28.02.2013	7.8
01.03.2013	8
02.03.2013	9
03.03.2013	8.4
04.03.2013	7.9
05.03.2013	7.8
06.03.2013	8.8
07.03.2013	8.3
08.03.2013	7.9
09.03.2013	7.6
10.03.2013	7.2
11.03.2013	5.6
12.03.2013	3.2
13.03.2013	2.8
14.03.2013	1.7
15.03.2013	1.8
16.03.2013	2.3
17.03.2013	2.4
18.03.2013	2.2
19.03.2013	2
20.03.2013	1.9
21.03.2013	1.8
22.03.2013	1.7
23.03.2013	1.3
24.03.2013	1.7
25.03.2013	2.1
26.03.2013	2.6
27.03.2013	3.3
28.03.2013	3.9
29.03.2013	4.8
30.03.2013	6.5
31.03.2013	11.8
01.04.2013	28.3
02.04.2013	49.5
03.04.2013	88.4
04.04.2013	141
05.04.2013	187
06.04.2013	106
07.04.2013	116
08.04.2013	96
09.04.2013	78.6
10.04.2013	73
11.04.2013	28.3
12.04.2013	67.6
13.04.2013	173
14.04.2013	321
15.04.2013	479
16.04.2013	276
17.04.2013	233
18.04.2013	769
19.04.2013	323
20.04.2013	86.6
21.04.2013	50.9
22.04.2013	36.9
23.04.2013	35.9
24.04.2013	39.6
25.04.2013	44.5
26.04.2013	47.6
27.04.2013	42.5
28.04.2013	41.4
29.04.2013	334
30.04.2013	149
01.05.2013	82.9
02.05.2013	63.2
03.05.2013	54
04.05.2013	102
05.05.2013	94.5
06.05.2013	75.5
07.05.2013	74.6
08.05.2013	83.6
09.05.2013	179
10.05.2013	147
11.05.2013	95.5
12.05.2013	97.3
13.05.2013	305
14.05.2013	193
15.05.2013	97.6
16.05.2013	72.6
17.05.2013	57.2
18.05.2013	48.2
19.05.2013	42.7
20.05.2013	37.2
21.05.2013	41.4
22.05.2013	1192
23.05.2013	662
24.05.2013	192
25.05.2013	103
26.05.2013	69.2
27.05.2013	51.6
28.05.2013	70
29.05.2013	50.4
30.05.2013	44.7
31.05.2013	45.5
01.06.2013	59
02.06.2013	95.3
03.06.2013	50.6
04.06.2013	29
05.06.2013	21.3
06.06.2013	19.5
07.06.2013	15.2
08.06.2013	12.1
09.06.2013	9.8
10.06.2013	8.3
11.06.2013	7
12.06.2013	6.6
13.06.2013	42.4
14.06.2013	27.6
15.06.2013	13.4
16.06.2013	24.4
17.06.2013	12.3
18.06.2013	8.5
19.06.2013	9
20.06.2013	12.3
21.06.2013	16.6
22.06.2013	33.6
23.06.2013	46.5
24.06.2013	31
25.06.2013	17
26.06.2013	216
27.06.2013	460
28.06.2013	105
29.06.2013	198
30.06.2013	552
01.07.2013	104
02.07.2013	56.3
03.07.2013	39.2
04.07.2013	52
05.07.2013	34.4
06.07.2013	19.8
07.07.2013	15.4
08.07.2013	11.6
09.07.2013	9.3
10.07.2013	7.7
11.07.2013	5.6
12.07.2013	4.6
13.07.2013	4
14.07.2013	3.4
15.07.2013	2.9
16.07.2013	2.6
17.07.2013	2.3
18.07.2013	1.9
19.07.2013	1.6
20.07.2013	1.4
21.07.2013	1.3
22.07.2013	1.1
23.07.2013	1.2
24.07.2013	1.3
25.07.2013	1.7
26.07.2013	1.4
27.07.2013	1.5
28.07.2013	1.6
29.07.2013	1.6
30.07.2013	2.1
31.07.2013	2.6
01.08.2013	1.5
02.08.2013	1.4
03.08.2013	5.8
04.08.2013	2.7
05.08.2013	2.6
06.08.2013	2.9
07.08.2013	1.8
08.08.2013	4.9
09.08.2013	2.7
10.08.2013	8.9
11.08.2013	6.3
12.08.2013	3.5
13.08.2013	2.7
14.08.2013	2.7
15.08.2013	1.7
16.08.2013	9.9
17.08.2013	12.8
18.08.2013	23.4
19.08.2013	9
20.08.2013	4
21.08.2013	2.7
22.08.2013	2.1
23.08.2013	1.7
24.08.2013	1.5
25.08.2013	1.3
26.08.2013	1.2
27.08.2013	1.1
28.08.2013	1
29.08.2013	1
30.08.2013	1
31.08.2013	1.1
01.09.2013	0.9
02.09.2013	0.9
03.09.2013	0.8
04.09.2013	0.8
05.09.2013	0.7
06.09.2013	0.8
07.09.2013	0.7
08.09.2013	0.7
09.09.2013	0.6
10.09.2013	0.7
11.09.2013	4.8
12.09.2013	1.8
13.09.2013	1.1
14.09.2013	1
15.09.2013	6.9
16.09.2013	14.7
17.09.2013	40.7
18.09.2013	47.9
19.09.2013	19.2
20.09.2013	9.4
21.09.2013	6.3
22.09.2013	5.3
23.09.2013	4.3
24.09.2013	3.4
25.09.2013	3.1
26.09.2013	2.9
27.09.2013	2.7
28.09.2013	2.5
29.09.2013	2.3
30.09.2013	2.3
01.10.2013	2.2
02.10.2013	2.5
03.10.2013	3.5
04.10.2013	3.1
05.10.2013	54.6
06.10.2013	22.5
07.10.2013	12.5
08.10.2013	12
09.10.2013	10.3
10.10.2013	75.7
11.10.2013	31
12.10.2013	17.4
13.10.2013	13.3
14.10.2013	10.7
15.10.2013	9.6
16.10.2013	8.4
17.10.2013	7.9
18.10.2013	6.7
19.10.2013	6.2
20.10.2013	5.8
21.10.2013	5.4
22.10.2013	144
23.10.2013	418
24.10.2013	228
25.10.2013	72.4
26.10.2013	104
27.10.2013	510
28.10.2013	282
29.10.2013	102
30.10.2013	64
31.10.2013	62.3
01.11.2013	62.3
02.11.2013	49.8
03.11.2013	184
04.11.2013	272
05.11.2013	99.4
06.11.2013	69.9
07.11.2013	53.9
08.11.2013	47.8
09.11.2013	45.8
10.11.2013	75.7
11.11.2013	64.1
12.11.2013	201
13.11.2013	90.5
14.11.2013	119
15.11.2013	145
16.11.2013	98.2
17.11.2013	66.9
18.11.2013	92.3
19.11.2013	349
20.11.2013	104
21.11.2013	64.9
22.11.2013	44.5
23.11.2013	31.4
24.11.2013	23.3
25.11.2013	18.3
26.11.2013	16.3
27.11.2013	18
28.11.2013	16.7
29.11.2013	16.2
30.11.2013	14.8
01.12.2013	14.4
02.12.2013	12
03.12.2013	13.4
04.12.2013	13.4
05.12.2013	19.3
06.12.2013	15.6
07.12.2013	10.1
08.12.2013	8.6
09.12.2013	9.3
10.12.2013	13.3
11.12.2013	15.4
12.12.2013	85.5
13.12.2013	38.8
14.12.2013	52.3
15.12.2013	399
16.12.2013	522
17.12.2013	182
18.12.2013	94.3
19.12.2013	309
20.12.2013	263
21.12.2013	319
22.12.2013	591
23.12.2013	201
24.12.2013	1412
25.12.2013	1086
26.12.2013	325
27.12.2013	437
28.12.2013	586
29.12.2013	221
30.12.2013	138
31.12.2013	450
01.01.2014	207
02.01.2014	480
03.01.2014	653
04.01.2014	646
05.01.2014	227
06.01.2014	389
07.01.2014	388
08.01.2014	176
09.01.2014	125
10.01.2014	98.1
11.01.2014	78.1
12.01.2014	59.3
13.01.2014	45.1
14.01.2014	42.4
15.01.2014	38.9
16.01.2014	35.8
17.01.2014	32.3
18.01.2014	28.3
19.01.2014	26.1
20.01.2014	25
21.01.2014	23.7
22.01.2014	22.2
23.01.2014	21.1
24.01.2014	19.8
25.01.2014	19.8
26.01.2014	19.4
27.01.2014	19.8
28.01.2014	18.1
29.01.2014	17
30.01.2014	17.3
31.01.2014	18.1
01.02.2014	18.9
02.02.2014	82.6
03.02.2014	310
04.02.2014	164
05.02.2014	100
06.02.2014	76.2
07.02.2014	332
08.02.2014	320
09.02.2014	712
10.02.2014	1032
11.02.2014	484
12.02.2014	332
13.02.2014	319
14.02.2014	620
15.02.2014	828
16.02.2014	1378
17.02.2014	310
18.02.2014	154
19.02.2014	110
20.02.2014	89.1
21.02.2014	149
22.02.2014	551
23.02.2014	325
24.02.2014	270
25.02.2014	169
26.02.2014	227
27.02.2014	259
28.02.2014	165
01.03.2014	302
02.03.2014	316
03.03.2014	324
04.03.2014	167
05.03.2014	136
06.03.2014	204
07.03.2014	557
08.03.2014	276
09.03.2014	143
10.03.2014	111
11.03.2014	89.1
12.03.2014	77.6
13.03.2014	68.4
14.03.2014	63.3
15.03.2014	55.2
16.03.2014	48.2
17.03.2014	42.4
18.03.2014	37
19.03.2014	36.4
20.03.2014	36.7
21.03.2014	34.7
22.03.2014	33
23.03.2014	41.3
24.03.2014	30.5
25.03.2014	25.7
26.03.2014	23.1
27.03.2014	22.6
28.03.2014	21
29.03.2014	20.3
30.03.2014	20
31.03.2014	18.7
01.04.2014	17.3
02.04.2014	17.1
03.04.2014	16
04.04.2014	14.5
05.04.2014	16.2
06.04.2014	20.5
07.04.2014	89
08.04.2014	351
09.04.2014	269
10.04.2014	152
11.04.2014	99
12.04.2014	143
13.04.2014	143
14.04.2014	76.7
15.04.2014	51.7
16.04.2014	42.8
17.04.2014	96.3
18.04.2014	153
19.04.2014	76.9
20.04.2014	56.5
21.04.2014	45.1
22.04.2014	34.6
23.04.2014	26.1
24.04.2014	23
25.04.2014	21.8
26.04.2014	20.1
27.04.2014	17.8
28.04.2014	16.2
29.04.2014	14.6
30.04.2014	13.7
01.05.2014	11.9
02.05.2014	10.9
03.05.2014	10.7
04.05.2014	10
05.05.2014	9.7
06.05.2014	28.5
07.05.2014	131
08.05.2014	74.5
09.05.2014	49.8
10.05.2014	32.3
11.05.2014	25.2
12.05.2014	22.9
13.05.2014	23.4
14.05.2014	19.1
15.05.2014	15.4
16.05.2014	14.4
17.05.2014	12.9
18.05.2014	11.4
19.05.2014	11.2
20.05.2014	11.2
21.05.2014	9.3
22.05.2014	9.6
23.05.2014	9.1
24.05.2014	9.7
25.05.2014	8.4
26.05.2014	7.1
27.05.2014	5.7
28.05.2014	5.2
29.05.2014	4.8
30.05.2014	4.6
31.05.2014	4
01.06.2014	3.5
02.06.2014	3.3
03.06.2014	3.1
04.06.2014	3.7
05.06.2014	10.1
06.06.2014	5.8
07.06.2014	4.1
08.06.2014	3.5
09.06.2014	2.9
10.06.2014	2.5
11.06.2014	2.4
12.06.2014	2.1
13.06.2014	2.1
14.06.2014	1.8
15.06.2014	1.8
16.06.2014	1.9
17.06.2014	1.7
18.06.2014	1.7
19.06.2014	1.8
20.06.2014	1.6
21.06.2014	1.6
22.06.2014	1.7
23.06.2014	1.5
24.06.2014	1.5
25.06.2014	1.5
26.06.2014	4.6
27.06.2014	3.3
28.06.2014	2
29.06.2014	1.9
30.06.2014	1.7
01.07.2014	2.3
02.07.2014	2.1
03.07.2014	1.5
04.07.2014	1.4
05.07.2014	1.4
06.07.2014	1.8
07.07.2014	7.6
08.07.2014	3.9
09.07.2014	1.9
10.07.2014	1.4
11.07.2014	1.7
12.07.2014	2.1
13.07.2014	2.3
14.07.2014	5.7
15.07.2014	2.7
16.07.2014	2.5
17.07.2014	2.4
18.07.2014	3.3
19.07.2014	2.3
20.07.2014	2.1
21.07.2014	2.1
22.07.2014	2
23.07.2014	2.1
24.07.2014	2.3
25.07.2014	2.3
26.07.2014	2.1
27.07.2014	30.8
28.07.2014	6.7
29.07.2014	3.7
30.07.2014	3.3
31.07.2014	3.1
01.08.2014	3
02.08.2014	4.6
03.08.2014	25.4
04.08.2014	22
05.08.2014	9.3
06.08.2014	6.6
07.08.2014	5.8
08.08.2014	5.4
09.08.2014	5.9
10.08.2014	7.9
11.08.2014	21
12.08.2014	123
13.08.2014	53.9
14.08.2014	86.5
15.08.2014	35.1
16.08.2014	17.6
17.08.2014	14.1
18.08.2014	11.7
19.08.2014	10.5
20.08.2014	9.1
21.08.2014	10.5
22.08.2014	9.9
23.08.2014	30.8
24.08.2014	29.8
25.08.2014	19
26.08.2014	15.4
27.08.2014	11.1
28.08.2014	9.2
29.08.2014	8.5
30.08.2014	8.3
31.08.2014	8.7
01.09.2014	7.5
02.09.2014	7
03.09.2014	6.6
04.09.2014	6.4
05.09.2014	6.4
06.09.2014	6.3
07.09.2014	6.1
08.09.2014	16.1
09.09.2014	44.5
10.09.2014	20.5
11.09.2014	13.4
12.09.2014	10.9
13.09.2014	9.6
14.09.2014	8.6
15.09.2014	8
16.09.2014	7.7
17.09.2014	7.6
18.09.2014	7.3
19.09.2014	7.2
20.09.2014	7.1
21.09.2014	10.1
22.09.2014	7.2
23.09.2014	6.9
24.09.2014	7.1
25.09.2014	9.2
26.09.2014	6.2
27.09.2014	5.4
28.09.2014	5.1
29.09.2014	5
30.09.2014	4.9
01.10.2014	5
02.10.2014	14.9
03.10.2014	8.1
04.10.2014	18.4
05.10.2014	14.6
06.10.2014	10.6
07.10.2014	14.8
08.10.2014	241
09.10.2014	361
10.10.2014	1205
11.10.2014	435
12.10.2014	1782
13.10.2014	708
14.10.2014	162
15.10.2014	104
16.10.2014	154
17.10.2014	555
18.10.2014	762
19.10.2014	681
20.10.2014	259
21.10.2014	173
22.10.2014	221
23.10.2014	726
24.10.2014	974
25.10.2014	732
26.10.2014	241
27.10.2014	151
28.10.2014	117
29.10.2014	400
30.10.2014	162
31.10.2014	131
01.11.2014	335
02.11.2014	420
03.11.2014	781
04.11.2014	665
05.11.2014	211
06.11.2014	142
07.11.2014	112
08.11.2014	131
09.11.2014	258
10.11.2014	281
11.11.2014	322
12.11.2014	162
13.11.2014	273
14.11.2014	496
15.11.2014	208
16.11.2014	155
17.11.2014	128
18.11.2014	111
19.11.2014	100
20.11.2014	95.3
21.11.2014	99.5
22.11.2014	89.2
23.11.2014	151
24.11.2014	829
25.11.2014	221
26.11.2014	134
27.11.2014	102
28.11.2014	85
29.11.2014	77.6
30.11.2014	71.7
01.12.2014	66
02.12.2014	62.1
03.12.2014	51.7
04.12.2014	45.7
05.12.2014	57
06.12.2014	52.7
07.12.2014	286
08.12.2014	169
09.12.2014	95.7
10.12.2014	689
11.12.2014	214
12.12.2014	139
13.12.2014	103
14.12.2014	87.1
15.12.2014	197
16.12.2014	114
17.12.2014	82.1
18.12.2014	70.8
19.12.2014	63.4
20.12.2014	49.6
21.12.2014	36.8
22.12.2014	42.5
23.12.2014	32
24.12.2014	26.6
25.12.2014	20.6
26.12.2014	17.1
27.12.2014	16.1
28.12.2014	13.7
29.12.2014	13.5
30.12.2014	14.6
31.12.2014	15.6
01.01.2015	43.1
02.01.2015	74.5
03.01.2015	25.8
04.01.2015	19.8
05.01.2015	17.8
06.01.2015	225
07.01.2015	427
08.01.2015	375
09.01.2015	97.4
10.01.2015	57.2
11.01.2015	45.3
12.01.2015	45.1
13.01.2015	46.1
14.01.2015	39.9
15.01.2015	66.3
16.01.2015	827
17.01.2015	197
18.01.2015	77.4
19.01.2015	56.5
20.01.2015	48.2
21.01.2015	42.7
22.01.2015	38.3
23.01.2015	34.6
24.01.2015	44.4
25.01.2015	35.1
26.01.2015	385
27.01.2015	212
28.01.2015	550
29.01.2015	365
30.01.2015	134
31.01.2015	81
01.02.2015	62.6
02.02.2015	50.7
03.02.2015	41.8
04.02.2015	32.2
05.02.2015	25.4
06.02.2015	24.8
07.02.2015	24.3
08.02.2015	21.2
09.02.2015	20.6
10.02.2015	20.3
11.02.2015	20.8
12.02.2015	19.8
13.02.2015	21
14.02.2015	34.2
15.02.2015	31.3
16.02.2015	22.4
17.02.2015	24.1
18.02.2015	231
19.02.2015	874
20.02.2015	412
21.02.2015	126
22.02.2015	71.6
23.02.2015	60.1
24.02.2015	241
25.02.2015	803
26.02.2015	249
27.02.2015	528
28.02.2015	207
01.03.2015	572
02.03.2015	720
03.03.2015	262
04.03.2015	131
05.03.2015	86.1
06.03.2015	114
07.03.2015	234
08.03.2015	298
09.03.2015	150
10.03.2015	187
11.03.2015	110
12.03.2015	78.4
13.03.2015	63.4
14.03.2015	51.2
15.03.2015	44
16.03.2015	41.6
17.03.2015	42.3
18.03.2015	46.8
19.03.2015	52
20.03.2015	53.5
21.03.2015	46.5
22.03.2015	37.2
23.03.2015	67.5
24.03.2015	60.6
25.03.2015	44.5
26.03.2015	38.9
27.03.2015	61.1
28.03.2015	142
29.03.2015	764
30.03.2015	648
31.03.2015	234
01.04.2015	131
02.04.2015	98.9
03.04.2015	81.2
04.04.2015	65.6
05.04.2015	54.3
06.04.2015	48.5
07.04.2015	51.3
08.04.2015	44.7
09.04.2015	37.4
10.04.2015	32.5
11.04.2015	31.3
12.04.2015	29.6
13.04.2015	22.6
14.04.2015	22.6
15.04.2015	22.6
16.04.2015	19.6
17.04.2015	16.1
18.04.2015	14.6
19.04.2015	13.6
20.04.2015	12.6
21.04.2015	12.1
22.04.2015	11.5
23.04.2015	11.6
24.04.2015	10.7
25.04.2015	11.7
26.04.2015	10.3
27.04.2015	9.1
28.04.2015	8.3
29.04.2015	8
30.04.2015	15.3
01.05.2015	11.1
02.05.2015	9.1
03.05.2015	7.8
04.05.2015	12.5
05.05.2015	28.3
06.05.2015	91.2
07.05.2015	66.8
08.05.2015	63.2
09.05.2015	33.6
10.05.2015	145
11.05.2015	166
12.05.2015	334
13.05.2015	192
14.05.2015	80.2
15.05.2015	46.8
16.05.2015	45.5
17.05.2015	57.9
18.05.2015	39.2
19.05.2015	41.1
20.05.2015	35.4
21.05.2015	24.4
22.05.2015	21.8
23.05.2015	18.1
24.05.2015	18.1
25.05.2015	22.4
26.05.2015	17.3
27.05.2015	13.9
28.05.2015	25.3
29.05.2015	25.3
30.05.2015	144
31.05.2015	79.2
01.06.2015	55.6
02.06.2015	430
03.06.2015	189
04.06.2015	62.9
05.06.2015	37.7
06.06.2015	63.4
07.06.2015	52.9
08.06.2015	28.7
09.06.2015	19.4
10.06.2015	15.9
11.06.2015	12.5
12.06.2015	9.7
13.06.2015	8.4
14.06.2015	8.1
15.06.2015	6.6
16.06.2015	4.8
17.06.2015	11.4
18.06.2015	11.2
19.06.2015	8.1
20.06.2015	5.3
21.06.2015	4.2
22.06.2015	4.1
23.06.2015	3.6
24.06.2015	4.4
25.06.2015	3.4
26.06.2015	2.7
27.06.2015	2.2
28.06.2015	2.1
29.06.2015	2.2
30.06.2015	2
01.07.2015	1.4
02.07.2015	1.2
03.07.2015	1.1
04.07.2015	1.1
05.07.2015	1
06.07.2015	6.1
07.07.2015	3.7
08.07.2015	192
09.07.2015	100
10.07.2015	22.9
11.07.2015	10.5
12.07.2015	7.1
13.07.2015	9.3
14.07.2015	7
15.07.2015	6.3
16.07.2015	4.8
17.07.2015	3.2
18.07.2015	4
19.07.2015	2.7
20.07.2015	2.6
21.07.2015	4.3
22.07.2015	2.8
23.07.2015	1.9
24.07.2015	1.5
25.07.2015	1.9
26.07.2015	21.9
27.07.2015	7.6
28.07.2015	10.5
29.07.2015	12.3
30.07.2015	10.5
31.07.2015	5.5
01.08.2015	3.5
02.08.2015	8.9
03.08.2015	4.2
04.08.2015	5.5
05.08.2015	350
06.08.2015	69.9
07.08.2015	180
08.08.2015	86.4
09.08.2015	34.1
10.08.2015	19.8
11.08.2015	14.7
12.08.2015	10.5
13.08.2015	7.4
14.08.2015	6
15.08.2015	4.8
16.08.2015	3.8
17.08.2015	3.2
18.08.2015	2.9
19.08.2015	2.5
20.08.2015	2.3
21.08.2015	2.1
22.08.2015	2
23.08.2015	1.8
24.08.2015	2.8
25.08.2015	28.9
26.08.2015	28.1
27.08.2015	713
28.08.2015	203
29.08.2015	62.9
30.08.2015	35.1
31.08.2015	22.8
01.09.2015	91.1
02.09.2015	1605
03.09.2015	757
04.09.2015	244
05.09.2015	143
06.09.2015	92.7
07.09.2015	56.7
08.09.2015	40.3
09.09.2015	30.1
10.09.2015	23.8
11.09.2015	19.9
12.09.2015	18.1
13.09.2015	16.8
14.09.2015	19.9
15.09.2015	298
16.09.2015	325
17.09.2015	1335
18.09.2015	1134
19.09.2015	190
20.09.2015	109
21.09.2015	82.2
22.09.2015	88.2
23.09.2015	94.9
24.09.2015	142
25.09.2015	264
26.09.2015	92.9
27.09.2015	60.5
28.09.2015	46.8
29.09.2015	39.6
30.09.2015	34.7
01.10.2015	30.6
02.10.2015	26.4
03.10.2015	21.7
04.10.2015	20.3
05.10.2015	17.7
06.10.2015	15.8
07.10.2015	14.6
08.10.2015	13.4
09.10.2015	12.6
10.10.2015	12.2
11.10.2015	11.9
12.10.2015	11.6
13.10.2015	11
14.10.2015	10.2
15.10.2015	10
16.10.2015	9.9
17.10.2015	9.7
18.10.2015	9.5
19.10.2015	9
20.10.2015	9.5
21.10.2015	18.7
22.10.2015	20
23.10.2015	14
24.10.2015	12.4
25.10.2015	17.7
26.10.2015	13.6
27.10.2015	12.7
28.10.2015	11.9
29.10.2015	11.6
30.10.2015	10.3
31.10.2015	11.2
01.11.2015	11.6
02.11.2015	10.9
03.11.2015	10.6
04.11.2015	10.4
05.11.2015	9.9
06.11.2015	13.6
07.11.2015	283
08.11.2015	464
09.11.2015	304
10.11.2015	117
11.11.2015	68.7
12.11.2015	62
13.11.2015	130
14.11.2015	88.8
15.11.2015	60.4
16.11.2015	91.3
17.11.2015	97.2
18.11.2015	65.7
19.11.2015	53.9
20.11.2015	43.3
21.11.2015	34.4
22.11.2015	25.4
23.11.2015	20.7
24.11.2015	204
25.11.2015	322
26.11.2015	113
27.11.2015	121
28.11.2015	644
29.11.2015	532
30.11.2015	154
01.12.2015	82.6
02.12.2015	65.4
03.12.2015	57.5
04.12.2015	1011
05.12.2015	259
06.12.2015	129
07.12.2015	82.4
08.12.2015	76.2
09.12.2015	154
10.12.2015	94.9
11.12.2015	70.9
12.12.2015	54.9
13.12.2015	44.7
14.12.2015	35.2
15.12.2015	26.3
16.12.2015	25.5
17.12.2015	39.5
18.12.2015	85.5
19.12.2015	164
20.12.2015	256
21.12.2015	118
22.12.2015	103
23.12.2015	107
24.12.2015	78.8
25.12.2015	97.6
26.12.2015	58.8
27.12.2015	45.3
28.12.2015	35.6
29.12.2015	33.5
30.12.2015	52
31.12.2015	82.8
01.01.2016	96.2
02.01.2016	125
03.01.2016	67.5
04.01.2016	49.9
05.01.2016	35
06.01.2016	23
07.01.2016	19.9
08.01.2016	18.6
09.01.2016	16.6
10.01.2016	17.8
11.01.2016	17.9
12.01.2016	16.4
13.01.2016	14.9
14.01.2016	14
15.01.2016	12.6
16.01.2016	12.7
17.01.2016	11.9
18.01.2016	12.1
19.01.2016	11
20.01.2016	11
21.01.2016	11.1
22.01.2016	11.2
23.01.2016	11.4
24.01.2016	11.5
25.01.2016	18.2
26.01.2016	153
27.01.2016	384
28.01.2016	293
29.01.2016	363
30.01.2016	181
31.01.2016	87.8
01.02.2016	59.4
02.02.2016	54.4
03.02.2016	50.6
04.02.2016	38.2
05.02.2016	31
06.02.2016	169
07.02.2016	695
08.02.2016	1055
09.02.2016	791
10.02.2016	236
11.02.2016	129
12.02.2016	84.6
13.02.2016	65.6
14.02.2016	49.6
15.02.2016	39.6
16.02.2016	29.6
17.02.2016	33.7
18.02.2016	29.7
19.02.2016	25.3
20.02.2016	42.9
21.02.2016	46.5
22.02.2016	33.1
23.02.2016	25.1
24.02.2016	21.7
25.02.2016	18.6
26.02.2016	16.7
27.02.2016	14.4
28.02.2016	12.5
01.03.2016	13.3
02.03.2016	14.6
03.03.2016	13.9
04.03.2016	15
05.03.2016	15.6
06.03.2016	16.2
07.03.2016	15.3
08.03.2016	15.1
09.03.2016	14.8
10.03.2016	20.2
11.03.2016	18.3
12.03.2016	17.3
13.03.2016	27.3
14.03.2016	56.2
15.03.2016	93
16.03.2016	101
17.03.2016	113
18.03.2016	138
19.03.2016	163
20.03.2016	186
21.03.2016	157
22.03.2016	180
23.03.2016	149
24.03.2016	97.5
25.03.2016	165
26.03.2016	119
27.03.2016	795
28.03.2016	491
29.03.2016	446
30.03.2016	216
31.03.2016	119
01.04.2016	83.2
02.04.2016	150
03.04.2016	133
04.04.2016	120
05.04.2016	275
06.04.2016	132
07.04.2016	93.8
08.04.2016	88.8
09.04.2016	86.6
10.04.2016	63
11.04.2016	51.1
12.04.2016	44.3
13.04.2016	37.9
14.04.2016	32.8
15.04.2016	33
16.04.2016	31.4
17.04.2016	413
18.04.2016	113
19.04.2016	62.9
20.04.2016	43.1
21.04.2016	36.7
22.04.2016	28
23.04.2016	24.4
24.04.2016	21.4
25.04.2016	20.3
26.04.2016	18.2
27.04.2016	17
28.04.2016	15.5
29.04.2016	62.5
30.04.2016	705
01.05.2016	394
02.05.2016	131
03.05.2016	93
04.05.2016	73.4
05.05.2016	53.8
06.05.2016	42.6
07.05.2016	34.2
08.05.2016	27.4
09.05.2016	22.6
10.05.2016	20
11.05.2016	17.1
12.05.2016	16.4
13.05.2016	14.7
14.05.2016	12.6
15.05.2016	12.1
16.05.2016	10.5
17.05.2016	9.7
18.05.2016	8.8
19.05.2016	9.2
20.05.2016	11.2
21.05.2016	10.5
22.05.2016	12.9
23.05.2016	51.1
24.05.2016	67.5
25.05.2016	46.1
26.05.2016	23
27.05.2016	15.5
28.05.2016	12.2
29.05.2016	14.4
30.05.2016	16
31.05.2016	10.6
01.06.2016	8.3
02.06.2016	7
03.06.2016	6
04.06.2016	4.9
05.06.2016	4.3
06.06.2016	3.7
07.06.2016	3.7
08.06.2016	3.2
09.06.2016	2.9
10.06.2016	2.7
11.06.2016	2.4
12.06.2016	2.2
13.06.2016	2.1
14.06.2016	1.9
15.06.2016	4.9
16.06.2016	3.8
17.06.2016	2
18.06.2016	3.5
19.06.2016	13.3
20.06.2016	11.3
21.06.2016	34.3
22.06.2016	6.5
23.06.2016	4
24.06.2016	3.6
25.06.2016	2.9
26.06.2016	13
27.06.2016	12.4
28.06.2016	50.1
29.06.2016	10.5
30.06.2016	15.4
01.07.2016	13.2
02.07.2016	76.9
03.07.2016	39.1
04.07.2016	15.9
05.07.2016	11.2
06.07.2016	7.8
07.07.2016	5.2
08.07.2016	4.3
09.07.2016	3.7
10.07.2016	3.5
11.07.2016	3.3
12.07.2016	2.6
13.07.2016	57.1
14.07.2016	32.8
15.07.2016	12.3
16.07.2016	6.9
17.07.2016	4.7
18.07.2016	3.6
19.07.2016	2.8
20.07.2016	2.4
21.07.2016	2
22.07.2016	1.7
23.07.2016	1.5
24.07.2016	1.4
25.07.2016	1.2
26.07.2016	7.4
27.07.2016	2.6
28.07.2016	2.5
29.07.2016	1.5
30.07.2016	3.7
31.07.2016	1.4
01.08.2016	1.1
02.08.2016	0.9
03.08.2016	0.9
04.08.2016	15.1
05.08.2016	41
06.08.2016	21.6
07.08.2016	13.7
08.08.2016	30
09.08.2016	14.1
10.08.2016	189
11.08.2016	44.3
12.08.2016	29.5
13.08.2016	37.9
14.08.2016	18.3
15.08.2016	11.2
16.08.2016	8.2
17.08.2016	6.5
18.08.2016	5.1
19.08.2016	4.5
20.08.2016	6.1
21.08.2016	15.3
22.08.2016	10.7
23.08.2016	9.3
24.08.2016	7.2
25.08.2016	8.2
26.08.2016	64.5
27.08.2016	29.8
28.08.2016	15.9
29.08.2016	15.1
30.08.2016	11.2
31.08.2016	9
01.09.2016	7.7
02.09.2016	6.2
03.09.2016	5.6
04.09.2016	4.5
05.09.2016	3.7
06.09.2016	3.7
07.09.2016	3.6
08.09.2016	3.3
09.09.2016	3.4
10.09.2016	3.1
11.09.2016	20.4
12.09.2016	9
13.09.2016	6.4
14.09.2016	5.5
15.09.2016	5
16.09.2016	4.4
17.09.2016	3.8
18.09.2016	3.6
19.09.2016	3.4
20.09.2016	3.1
21.09.2016	3.8
22.09.2016	3.9
23.09.2016	9.9
24.09.2016	7.8
25.09.2016	5.8
26.09.2016	5.4
27.09.2016	4.8
28.09.2016	13.9
29.09.2016	39.4
30.09.2016	18.5
01.10.2016	10.3
02.10.2016	7.4
03.10.2016	5.5
04.10.2016	4.6
05.10.2016	4.6
06.10.2016	4.4
07.10.2016	4
08.10.2016	3.5
09.10.2016	3.4
10.10.2016	3.3
11.10.2016	3
12.10.2016	2.9
13.10.2016	2.8
14.10.2016	2.8
15.10.2016	2.7
16.10.2016	2.5
17.10.2016	3.2
18.10.2016	3.9
19.10.2016	3.4
20.10.2016	3.3
21.10.2016	3.2
22.10.2016	3.1
23.10.2016	4.4
24.10.2016	15.1
25.10.2016	70.6
26.10.2016	29.7
27.10.2016	23.5
28.10.2016	18.9
29.10.2016	13.8
30.10.2016	11.4
31.10.2016	13.7
01.11.2016	60.6
02.11.2016	37.9
03.11.2016	23.1
04.11.2016	16.8
05.11.2016	14
06.11.2016	10.9
07.11.2016	9.3
08.11.2016	8.2
09.11.2016	7.5
10.11.2016	6.5
11.11.2016	5.6
12.11.2016	5.3
13.11.2016	6.5
14.11.2016	86
15.11.2016	123
16.11.2016	249
17.11.2016	188
18.11.2016	401
19.11.2016	179
20.11.2016	268
21.11.2016	275
22.11.2016	227
23.11.2016	142
24.11.2016	77
25.11.2016	62.4
26.11.2016	60.8
27.11.2016	41.9
28.11.2016	30.8
29.11.2016	25.5
30.11.2016	20.7
01.12.2016	17.9
02.12.2016	13.8
03.12.2016	11.9
04.12.2016	10.9
05.12.2016	11.1
06.12.2016	9.4
07.12.2016	42.4
08.12.2016	58.9
09.12.2016	37.7
10.12.2016	50.1
11.12.2016	57.3
12.12.2016	37.1
13.12.2016	26.8
14.12.2016	18.6
15.12.2016	14.4
16.12.2016	14
17.12.2016	13.4
18.12.2016	12.4
19.12.2016	12.4
20.12.2016	14.7
21.12.2016	29
22.12.2016	38.6
23.12.2016	24.9
24.12.2016	158
25.12.2016	49.9
26.12.2016	43.7
27.12.2016	25.6
28.12.2016	21.1
29.12.2016	19.3
30.12.2016	18.1
31.12.2016	27.8
01.01.2017	24.4
02.01.2017	16.4
03.01.2017	15.4
04.01.2017	10.7
05.01.2017	6
06.01.2017	6.2
07.01.2017	10.2
08.01.2017	7.1
09.01.2017	15.2
10.01.2017	296
11.01.2017	869
12.01.2017	172
13.01.2017	65.8
14.01.2017	41.6
15.01.2017	24.4
16.01.2017	16.7
17.01.2017	14.5
18.01.2017	15.4
19.01.2017	14.9
20.01.2017	14.1
21.01.2017	12.7
22.01.2017	13.2
23.01.2017	12.7
24.01.2017	9.9
25.01.2017	10.3
26.01.2017	15.2
27.01.2017	10
28.01.2017	9.7
29.01.2017	11.1
30.01.2017	18.3
31.01.2017	9.4
01.02.2017	9.5
02.02.2017	10.4
03.02.2017	9.9
04.02.2017	9.7
05.02.2017	9.2
06.02.2017	8.5
07.02.2017	7.7
08.02.2017	6.3
09.02.2017	5.7
10.02.2017	6
11.02.2017	6
12.02.2017	5.2
13.02.2017	4.9
14.02.2017	4.3
15.02.2017	4.8
16.02.2017	17
17.02.2017	17
18.02.2017	8.2
19.02.2017	59.3
20.02.2017	179
21.02.2017	63.7
22.02.2017	22.5
23.02.2017	15
24.02.2017	11.5
25.02.2017	9
26.02.2017	9.7
27.02.2017	163
28.02.2017	1623
01.03.2017	379
02.03.2017	100
03.03.2017	71
04.03.2017	46.1
05.03.2017	34
06.03.2017	24.8
07.03.2017	22.7
08.03.2017	19.7
09.03.2017	22.8
10.03.2017	41
11.03.2017	71.9
12.03.2017	234
13.03.2017	175
14.03.2017	167
15.03.2017	111
16.03.2017	86.4
17.03.2017	100
18.03.2017	55.5
19.03.2017	38.7
20.03.2017	53.4
21.03.2017	225
22.03.2017	90
23.03.2017	57.5
24.03.2017	51.3
25.03.2017	61.2
26.03.2017	90.1
27.03.2017	99.4
28.03.2017	82.8
29.03.2017	67
30.03.2017	113
31.03.2017	270
01.04.2017	240
02.04.2017	107
03.04.2017	72.2
04.04.2017	56.4
05.04.2017	45.7
06.04.2017	33.5
07.04.2017	28.1
08.04.2017	22.9
09.04.2017	20.3
10.04.2017	21.2
11.04.2017	15.7
12.04.2017	20.4
13.04.2017	24.4
14.04.2017	39.8
15.04.2017	24.5
16.04.2017	19.1
17.04.2017	16.4
18.04.2017	13.8
19.04.2017	12.5
20.04.2017	12.9
21.04.2017	12.6
22.04.2017	10
23.04.2017	8.8
24.04.2017	32.9
25.04.2017	73.8
26.04.2017	50.1
27.04.2017	31.3
28.04.2017	24.7
29.04.2017	20.7
30.04.2017	17.1
01.05.2017	14.2
02.05.2017	12
03.05.2017	10.4
04.05.2017	9.3
05.05.2017	9.1
06.05.2017	9
07.05.2017	11.5
08.05.2017	8.2
09.05.2017	7.9
10.05.2017	29.7
11.05.2017	96.2
12.05.2017	54.1
13.05.2017	31.6
14.05.2017	32.6
15.05.2017	34.2
16.05.2017	59.7
17.05.2017	284
18.05.2017	511
19.05.2017	168
20.05.2017	79.6
21.05.2017	49.1
22.05.2017	33.4
23.05.2017	23.4
24.05.2017	17.9
25.05.2017	14
26.05.2017	11
27.05.2017	9.8
28.05.2017	9.4
29.05.2017	8.2
30.05.2017	9
31.05.2017	9.2
01.06.2017	6.7
02.06.2017	5.6
03.06.2017	8.4
04.06.2017	12.4
05.06.2017	9.4
06.06.2017	6.7
07.06.2017	18.7
08.06.2017	59.9
09.06.2017	80.6
10.06.2017	692
11.06.2017	125
12.06.2017	73
13.06.2017	37.4
14.06.2017	21.7
15.06.2017	15.8
16.06.2017	17.9
17.06.2017	13.5
18.06.2017	9.7
19.06.2017	7.3
20.06.2017	6.6
21.06.2017	5
22.06.2017	4.6
23.06.2017	5.7
24.06.2017	4.7
25.06.2017	3.7
26.06.2017	2.9
27.06.2017	2.3
28.06.2017	1.9
29.06.2017	2.6
30.06.2017	2.8
01.07.2017	2.6
02.07.2017	2.5
03.07.2017	2.3
04.07.2017	3.2
05.07.2017	2.1
06.07.2017	2
07.07.2017	2.5
08.07.2017	6.2
09.07.2017	2.6
10.07.2017	2.5
11.07.2017	2.9
12.07.2017	2.7
13.07.2017	2.2
14.07.2017	2.2
15.07.2017	2
16.07.2017	8.2
17.07.2017	2.6
18.07.2017	2.1
19.07.2017	1.9
20.07.2017	2
21.07.2017	2.3
22.07.2017	2.2
23.07.2017	2.2
24.07.2017	3.1
25.07.2017	3.3
26.07.2017	3.5
27.07.2017	3.8
28.07.2017	5.8
29.07.2017	3.4
30.07.2017	3.5
31.07.2017	6.2
01.08.2017	4.3
02.08.2017	6.4
03.08.2017	4.6
04.08.2017	12.2
05.08.2017	3.8
06.08.2017	3
07.08.2017	3.1
08.08.2017	3.7
09.08.2017	124
10.08.2017	68.7
11.08.2017	15.2
12.08.2017	9.1
13.08.2017	12.7
14.08.2017	6.4
15.08.2017	5.6
16.08.2017	64.4
17.08.2017	15.2
18.08.2017	61.1
19.08.2017	65
20.08.2017	27.9
21.08.2017	17.4
22.08.2017	10.8
23.08.2017	7.9
24.08.2017	7.6
25.08.2017	26
26.08.2017	14.4
27.08.2017	9.7
28.08.2017	7.6
29.08.2017	7.4
30.08.2017	6.2
31.08.2017	6.2
01.09.2017	7
02.09.2017	10.6
03.09.2017	7.9
04.09.2017	7.2
05.09.2017	6.7
06.09.2017	221
07.09.2017	252
08.09.2017	74.5
09.09.2017	284
10.09.2017	167
11.09.2017	943
12.09.2017	1360
13.09.2017	402
14.09.2017	133
15.09.2017	82.9
16.09.2017	57.3
17.09.2017	42.1
18.09.2017	33.6
19.09.2017	26.6
20.09.2017	21.9
21.09.2017	22.1
22.09.2017	19.2
23.09.2017	35.9
24.09.2017	27.5
25.09.2017	23.6
26.09.2017	21.1
27.09.2017	18.9
28.09.2017	17
29.09.2017	15.8
30.09.2017	14.4
01.10.2017	29.9
02.10.2017	581
03.10.2017	186
04.10.2017	99.2
05.10.2017	77.4
06.10.2017	53.4
07.10.2017	41.4
08.10.2017	26.6
09.10.2017	22.7
10.10.2017	21.6
11.10.2017	121
12.10.2017	340
13.10.2017	134
14.10.2017	142
15.10.2017	83.2
16.10.2017	64.4
17.10.2017	101
18.10.2017	164
19.10.2017	82.9
20.10.2017	64.5
21.10.2017	79.1
22.10.2017	502
23.10.2017	213
24.10.2017	503
25.10.2017	911
26.10.2017	201
27.10.2017	127
28.10.2017	99.3
29.10.2017	72
30.10.2017	57.4
31.10.2017	52.4
01.11.2017	48.6
02.11.2017	41.2
03.11.2017	35.8
04.11.2017	32.7
05.11.2017	353
06.11.2017	150
07.11.2017	90.8
08.11.2017	82.7
09.11.2017	168
10.11.2017	377
11.11.2017	333
12.11.2017	123
13.11.2017	79.8
14.11.2017	65
15.11.2017	56.2
16.11.2017	163
17.11.2017	194
18.11.2017	113
19.11.2017	78.7
20.11.2017	61.2
21.11.2017	50.4
22.11.2017	59.7
23.11.2017	1083
24.11.2017	299
25.11.2017	129
26.11.2017	109
27.11.2017	101
28.11.2017	85.5
29.11.2017	72.6
30.11.2017	63.3
01.12.2017	55.3
02.12.2017	49.9
03.12.2017	43.6
04.12.2017	31.3
05.12.2017	29.6
06.12.2017	28.6
07.12.2017	246
08.12.2017	171
09.12.2017	79.6
10.12.2017	58.1
11.12.2017	44.6
12.12.2017	36.8
13.12.2017	27.9
14.12.2017	27.5
15.12.2017	23.8
16.12.2017	20.9
17.12.2017	19.1
18.12.2017	18.9
19.12.2017	17.6
20.12.2017	19.5
21.12.2017	18.8
22.12.2017	17
23.12.2017	24.4
24.12.2017	21.6
25.12.2017	21.5
26.12.2017	584
27.12.2017	268
28.12.2017	174
29.12.2017	163
30.12.2017	104
31.12.2017	80.8
01.01.2018	275
02.01.2018	174
03.01.2018	101
04.01.2018	81
05.01.2018	66.9
06.01.2018	51.4
07.01.2018	41
08.01.2018	36
09.01.2018	29.9
10.01.2018	25.6
11.01.2018	24.5
12.01.2018	22.4
13.01.2018	22.1
14.01.2018	22.3
15.01.2018	24.5
16.01.2018	27.3
17.01.2018	21.4
18.01.2018	19.7
19.01.2018	19
20.01.2018	18
21.01.2018	16.9
22.01.2018	17.2
23.01.2018	19.7
24.01.2018	519
25.01.2018	729
26.01.2018	189
27.01.2018	104
28.01.2018	82.6
29.01.2018	66.2
30.01.2018	54.4
31.01.2018	185
01.02.2018	168
02.02.2018	99.5
03.02.2018	70.9
04.02.2018	52.4
05.02.2018	45.8
06.02.2018	44.8
07.02.2018	36
08.02.2018	28.9
09.02.2018	32.2
10.02.2018	28
11.02.2018	28.8
12.02.2018	27.2
13.02.2018	23
14.02.2018	22
15.02.2018	22.5
16.02.2018	22.1
17.02.2018	20.4
18.02.2018	21.2
19.02.2018	20.3
20.02.2018	19.7
21.02.2018	19.7
22.02.2018	18.7
23.02.2018	18.9
24.02.2018	17.6
25.02.2018	16.5
26.02.2018	16.9
27.02.2018	15.6
28.02.2018	14.6
01.03.2018	15
02.03.2018	15.3
03.03.2018	14.6
04.03.2018	13.9
05.03.2018	13.4
06.03.2018	12.9
07.03.2018	12.4
08.03.2018	12.7
09.03.2018	12
10.03.2018	11.2
11.03.2018	11.7
12.03.2018	13.3
13.03.2018	12.4
14.03.2018	11.4
15.03.2018	10.9
16.03.2018	10.4
17.03.2018	10.2
18.03.2018	10.7
19.03.2018	11.3
20.03.2018	10.9
21.03.2018	12.3
22.03.2018	17.6
23.03.2018	15.5
24.03.2018	41.8
25.03.2018	67
26.03.2018	59.5
27.03.2018	35.5
28.03.2018	27.8
29.03.2018	23.4
30.03.2018	21.5
31.03.2018	20.4
01.04.2018	19.8
02.04.2018	19.2
03.04.2018	16.7
04.04.2018	141
05.04.2018	466
06.04.2018	312
07.04.2018	218
08.04.2018	212
09.04.2018	523
10.04.2018	456
11.04.2018	340
12.04.2018	402
13.04.2018	561
14.04.2018	776
15.04.2018	764
16.04.2018	510
17.04.2018	546
18.04.2018	567
19.04.2018	326
20.04.2018	240
21.04.2018	153
22.04.2018	105
23.04.2018	113
24.04.2018	98.9
25.04.2018	76
26.04.2018	60.1
27.04.2018	50.7
28.04.2018	43.8
29.04.2018	37.5
30.04.2018	31.7
01.05.2018	76.6
02.05.2018	73.7
03.05.2018	76.3
04.05.2018	76.6
05.05.2018	52.8
06.05.2018	41.5
07.05.2018	32.9
08.05.2018	27.4
09.05.2018	23.9
10.05.2018	25.3
11.05.2018	52.5
12.05.2018	32.3
13.05.2018	23.2
14.05.2018	19.2
15.05.2018	16.7
16.05.2018	14.9
17.05.2018	12.4
18.05.2018	11.1
19.05.2018	10.1
20.05.2018	9
21.05.2018	8.4
22.05.2018	8.2
23.05.2018	7
24.05.2018	6.1
25.05.2018	6.2
26.05.2018	5.7
27.05.2018	5.3
28.05.2018	5.2
29.05.2018	5.3
30.05.2018	4.5
31.05.2018	4.3
01.06.2018	4.8
02.06.2018	4.2
03.06.2018	4
04.06.2018	3.6
05.06.2018	3.2
06.06.2018	3.1
07.06.2018	3.1
08.06.2018	2.8
09.06.2018	3.1
10.06.2018	3
11.06.2018	7.6
12.06.2018	3.4
13.06.2018	4.3
14.06.2018	6.2
15.06.2018	4.2
16.06.2018	2.8
17.06.2018	110
18.06.2018	31.1
19.06.2018	11.4
20.06.2018	7.5
21.06.2018	7.2
22.06.2018	5.7
23.06.2018	4.5
24.06.2018	3.9
25.06.2018	3.4
26.06.2018	3
27.06.2018	2.6
28.06.2018	2.6
29.06.2018	2.4
30.06.2018	2.2
01.07.2018	2.2
02.07.2018	2.1
03.07.2018	1.9
04.07.2018	1.8
05.07.2018	1.8
06.07.2018	1.8
07.07.2018	1.6
08.07.2018	1.5
09.07.2018	2
10.07.2018	1.8
11.07.2018	1.8
12.07.2018	9.7
13.07.2018	3.5
14.07.2018	1.9
15.07.2018	1.7
16.07.2018	1.7
17.07.2018	2.8
18.07.2018	1.9
19.07.2018	1.8
20.07.2018	1.7
21.07.2018	1.8
22.07.2018	1.7
23.07.2018	1.5
24.07.2018	1.5
25.07.2018	1.4
26.07.2018	1.5
27.07.2018	1.4
28.07.2018	2.8
29.07.2018	5.1
30.07.2018	1.9
31.07.2018	2.4
01.08.2018	4.3
02.08.2018	1.7
03.08.2018	1.6
04.08.2018	2
05.08.2018	1.4
06.08.2018	1.4
07.08.2018	1.5
08.08.2018	4.3
09.08.2018	2.1
10.08.2018	10.1
11.08.2018	2.3
12.08.2018	2.4
13.08.2018	1.4
14.08.2018	1.2
15.08.2018	1.1
16.08.2018	1.7
17.08.2018	2.9
18.08.2018	2.3
19.08.2018	1.4
20.08.2018	1.5
21.08.2018	1.8
22.08.2018	1.8
23.08.2018	1.8
24.08.2018	1.2
25.08.2018	1.1
26.08.2018	1
27.08.2018	1
28.08.2018	1
29.08.2018	0.9
30.08.2018	2.1
31.08.2018	1.1
01.09.2018	0.9
02.09.2018	0.8
03.09.2018	0.8
04.09.2018	1.6
05.09.2018	1
06.09.2018	1.6
07.09.2018	1.3
08.09.2018	7.6
09.09.2018	19.3
10.09.2018	43.1
11.09.2018	122
12.09.2018	32.5
13.09.2018	10.4
14.09.2018	6.4
15.09.2018	4.8
16.09.2018	4.9
17.09.2018	5.4
18.09.2018	4.4
19.09.2018	3.6
20.09.2018	3.1
21.09.2018	19.8
22.09.2018	36.9
23.09.2018	10.9
24.09.2018	6.6
25.09.2018	5
26.09.2018	4.5
27.09.2018	6.3
28.09.2018	5.3
29.09.2018	4.3
30.09.2018	4.1
01.10.2018	3.5
02.10.2018	7.4
03.10.2018	7.8
04.10.2018	5.4
05.10.2018	5
06.10.2018	4.6
07.10.2018	7
08.10.2018	8.9
09.10.2018	5
10.10.2018	4.1
11.10.2018	3.7
12.10.2018	4.6
13.10.2018	3.7
14.10.2018	3.5
15.10.2018	3.6
16.10.2018	7.1
17.10.2018	5.5
18.10.2018	4.9
19.10.2018	5.3
20.10.2018	4.3
21.10.2018	4.2
22.10.2018	4.4
23.10.2018	4.7
24.10.2018	3.6
25.10.2018	3.6
26.10.2018	3.3
27.10.2018	3.5
28.10.2018	2.8
29.10.2018	2.9
30.10.2018	8.8
31.10.2018	201
01.11.2018	72.2
02.11.2018	110
03.11.2018	80.7
04.11.2018	52.5
05.11.2018	33.9
06.11.2018	24.6
07.11.2018	19.1
08.11.2018	16.7
09.11.2018	16.5
10.11.2018	328
11.11.2018	1709
12.11.2018	901
13.11.2018	367
14.11.2018	214
15.11.2018	164
16.11.2018	104
17.11.2018	72
18.11.2018	55.7
19.11.2018	45.3
20.11.2018	37.9
21.11.2018	29.2
22.11.2018	26.1
23.11.2018	22.2
24.11.2018	18.8
25.11.2018	16.2
26.11.2018	14
27.11.2018	10.7
28.11.2018	9.3
29.11.2018	29.6
30.11.2018	719
01.12.2018	458
02.12.2018	403
03.12.2018	608
04.12.2018	383
05.12.2018	132
06.12.2018	81.3
07.12.2018	66.4
08.12.2018	59.1
09.12.2018	47.8
10.12.2018	38.3
11.12.2018	33
12.12.2018	28.4
13.12.2018	26.6
14.12.2018	24
15.12.2018	22.3
16.12.2018	24.2
17.12.2018	22.9
18.12.2018	20.6
19.12.2018	21.4
20.12.2018	41.5
21.12.2018	44.8
22.12.2018	37.2
23.12.2018	28.8
24.12.2018	22.3
25.12.2018	21.2
26.12.2018	19.2
27.12.2018	20.6
28.12.2018	18.7
29.12.2018	17.1
30.12.2018	14.7
31.12.2018	21.5
01.01.2019	53.5
02.01.2019	42.1
03.01.2019	28
04.01.2019	23.6
05.01.2019	20.1
06.01.2019	17.1
07.01.2019	17.3
08.01.2019	17.5
09.01.2019	12.2
10.01.2019	12.8
11.01.2019	12.8
12.01.2019	11.7
13.01.2019	11.8
14.01.2019	8.9
15.01.2019	8.1
16.01.2019	8.7
17.01.2019	7.9
18.01.2019	5.7
19.01.2019	6.2
20.01.2019	5.9
21.01.2019	6.2
22.01.2019	6.8
23.01.2019	6.9
24.01.2019	6.4
25.01.2019	6.8
26.01.2019	7.2
27.01.2019	7.3
28.01.2019	7.1
29.01.2019	6.4
30.01.2019	5.6
31.01.2019	5.5
01.02.2019	5.7
02.02.2019	6
03.02.2019	5.9
04.02.2019	6
05.02.2019	6.2
06.02.2019	6
07.02.2019	6.8
08.02.2019	7.8
09.02.2019	523
10.02.2019	709
11.02.2019	305
12.02.2019	122
13.02.2019	90.2
14.02.2019	83.1
15.02.2019	178
16.02.2019	334
17.02.2019	181
18.02.2019	690
19.02.2019	742
20.02.2019	210
21.02.2019	122
22.02.2019	90.7
23.02.2019	221
24.02.2019	398
25.02.2019	195
26.02.2019	157
27.02.2019	158
28.02.2019	114
01.03.2019	82.3
02.03.2019	66.1
03.03.2019	277
04.03.2019	280
05.03.2019	161
06.03.2019	104
07.03.2019	339
08.03.2019	562
09.03.2019	177
10.03.2019	113
11.03.2019	81.4
12.03.2019	66.1
13.03.2019	71.4
14.03.2019	69.5
15.03.2019	58.9
16.03.2019	53.2
17.03.2019	339
18.03.2019	354
19.03.2019	180
20.03.2019	308
21.03.2019	737
22.03.2019	316
23.03.2019	310
24.03.2019	170
25.03.2019	120
26.03.2019	88.9
27.03.2019	81
28.03.2019	88.1
29.03.2019	111
30.03.2019	111
31.03.2019	82.1
01.04.2019	55.4
02.04.2019	49.2
03.04.2019	44.5
04.04.2019	43.3
05.04.2019	41.8
06.04.2019	38.3
07.04.2019	32.7
08.04.2019	26.3
09.04.2019	22.5
10.04.2019	19.8
11.04.2019	18
12.04.2019	16.6
13.04.2019	15.5
14.04.2019	14.6
15.04.2019	14.3
16.04.2019	13.6
17.04.2019	12.8
18.04.2019	12.1
19.04.2019	11.6
20.04.2019	11.3
21.04.2019	11.1
22.04.2019	10
23.04.2019	9.1
24.04.2019	8.4
25.04.2019	7.7
26.04.2019	7.3
27.04.2019	7.6
28.04.2019	17.6
29.04.2019	9.1
30.04.2019	7.5
01.05.2019	7.1
02.05.2019	7.4
03.05.2019	5.8
04.05.2019	5.7
05.05.2019	5
06.05.2019	5.3
07.05.2019	5.6
08.05.2019	4.6
09.05.2019	18.3
10.05.2019	77.5
11.05.2019	90.8
12.05.2019	32.2
13.05.2019	17.5
14.05.2019	13.1
15.05.2019	10.6
16.05.2019	8.6
17.05.2019	7.1
18.05.2019	8.3
19.05.2019	12.1
20.05.2019	21.3
21.05.2019	43.9
22.05.2019	54.2
23.05.2019	23.6
24.05.2019	152
25.05.2019	87.4
26.05.2019	40.6
27.05.2019	23.1
28.05.2019	16.5
29.05.2019	11.1
30.05.2019	20.1
31.05.2019	18.4
01.06.2019	14.4
02.06.2019	11.2
03.06.2019	16.2
04.06.2019	11.4
05.06.2019	11
06.06.2019	304
07.06.2019	242
08.06.2019	90.9
09.06.2019	143
10.06.2019	80.4
11.06.2019	45.9
12.06.2019	343
13.06.2019	406
14.06.2019	153
15.06.2019	99
16.06.2019	64.8
17.06.2019	41.9
18.06.2019	29.1
19.06.2019	23.1
20.06.2019	514
21.06.2019	115
22.06.2019	57.8
23.06.2019	32.5
24.06.2019	20.8
25.06.2019	18
26.06.2019	21.9
27.06.2019	45.6
28.06.2019	32
29.06.2019	25
30.06.2019	20
01.07.2019	16
02.07.2019	11.1
03.07.2019	6.6
04.07.2019	6.2
05.07.2019	5.3
06.07.2019	5.7
07.07.2019	5.9
08.07.2019	5.2
09.07.2019	3.8
10.07.2019	3.5
11.07.2019	3.3
12.07.2019	2.9
13.07.2019	2.7
14.07.2019	2.6
15.07.2019	2.6
16.07.2019	13.6
17.07.2019	3.5
18.07.2019	3.1
19.07.2019	6
20.07.2019	4.3
21.07.2019	34.6
22.07.2019	11.6
23.07.2019	10.1
24.07.2019	5.8
25.07.2019	4.2
26.07.2019	3.3
27.07.2019	2.7
28.07.2019	2.4
29.07.2019	2.3
30.07.2019	2.9
31.07.2019	2.9
01.08.2019	2.5
02.08.2019	2.2
03.08.2019	2.2
04.08.2019	2.4
05.08.2019	2.4
06.08.2019	2.5
07.08.2019	2.5
08.08.2019	2.1
09.08.2019	1.9
10.08.2019	6.5
11.08.2019	12.6
12.08.2019	6
13.08.2019	3.7
14.08.2019	3.6
15.08.2019	2.9
16.08.2019	6.8
17.08.2019	47.7
18.08.2019	28.5
19.08.2019	14.3
20.08.2019	8
21.08.2019	5.4
22.08.2019	28.6
23.08.2019	25
24.08.2019	11.6
25.08.2019	7.9
26.08.2019	6.1
27.08.2019	5
28.08.2019	4.9
29.08.2019	133
30.08.2019	42.7
31.08.2019	19.8
01.09.2019	184
02.09.2019	59.7
03.09.2019	57.8
04.09.2019	671
05.09.2019	566
06.09.2019	199
07.09.2019	1483
08.09.2019	344
09.09.2019	121
10.09.2019	106
11.09.2019	151
12.09.2019	159
13.09.2019	78.2
14.09.2019	53.5
15.09.2019	42.5
16.09.2019	24.8
17.09.2019	20.9
18.09.2019	16.1
19.09.2019	14
20.09.2019	14
21.09.2019	12.2
22.09.2019	11.4
23.09.2019	10.3
24.09.2019	10.7
25.09.2019	10
26.09.2019	9.2
27.09.2019	524
28.09.2019	707
29.09.2019	322
30.09.2019	133
01.10.2019	94.3
02.10.2019	69.5
03.10.2019	61
04.10.2019	145
05.10.2019	80.2
06.10.2019	58.4
07.10.2019	48.1
08.10.2019	85.3
09.10.2019	121
10.10.2019	119
11.10.2019	151
12.10.2019	127
13.10.2019	77.8
14.10.2019	221
15.10.2019	323
16.10.2019	698
17.10.2019	385
18.10.2019	287
19.10.2019	656
20.10.2019	655
21.10.2019	248
22.10.2019	143
23.10.2019	105
24.10.2019	93.5
25.10.2019	175
26.10.2019	165
27.10.2019	113
28.10.2019	81.3
29.10.2019	66.6
30.10.2019	58.5
31.10.2019	52.7
01.11.2019	49.3
02.11.2019	47
03.11.2019	38.5
04.11.2019	31.2
05.11.2019	27.2
06.11.2019	24.4
07.11.2019	21.3
08.11.2019	20.9
09.11.2019	21.3
10.11.2019	20.7
11.11.2019	22.6
12.11.2019	59.5
13.11.2019	195
14.11.2019	146
15.11.2019	205
16.11.2019	358
17.11.2019	429
18.11.2019	438
19.11.2019	1027
20.11.2019	366
21.11.2019	438
22.11.2019	453
23.11.2019	348
24.11.2019	191
25.11.2019	151
26.11.2019	253
27.11.2019	280
28.11.2019	261
29.11.2019	164
30.11.2019	110
01.12.2019	85.7
02.12.2019	69
03.12.2019	86.7
04.12.2019	90.4
05.12.2019	369
06.12.2019	530
07.12.2019	215
08.12.2019	165
09.12.2019	161
10.12.2019	113
11.12.2019	691
12.12.2019	460
13.12.2019	341
14.12.2019	223
15.12.2019	190
16.12.2019	135
17.12.2019	108
18.12.2019	87.1
19.12.2019	79
20.12.2019	139
21.12.2019	270
22.12.2019	194
23.12.2019	155
24.12.2019	279
25.12.2019	151
26.12.2019	93.7
27.12.2019	67.6
28.12.2019	58.9
29.12.2019	157
30.12.2019	217
31.12.2019	111
01.01.2020	80.4
02.01.2020	75.1
03.01.2020	86.2
04.01.2020	61.7
05.01.2020	51.7
06.01.2020	49.2
07.01.2020	50.6
08.01.2020	69.7
09.01.2020	54.9
10.01.2020	51.2
11.01.2020	79.1
12.01.2020	98.6
13.01.2020	63.5
14.01.2020	404
15.01.2020	421
16.01.2020	131
17.01.2020	318
18.01.2020	357
19.01.2020	139
20.01.2020	98.6
21.01.2020	88.4
22.01.2020	71.8
23.01.2020	63.4
24.01.2020	56.9
25.01.2020	48.9
26.01.2020	46.3
27.01.2020	159
28.01.2020	260
29.01.2020	319
30.01.2020	164
31.01.2020	116
01.02.2020	241
02.02.2020	117
03.02.2020	80.7
04.02.2020	63.7
05.02.2020	54.6
06.02.2020	50
07.02.2020	47.5
08.02.2020	108
09.02.2020	795
10.02.2020	362
11.02.2020	127
12.02.2020	88.6
13.02.2020	67.6
14.02.2020	56.2
15.02.2020	96.8
16.02.2020	761
17.02.2020	192
18.02.2020	110
19.02.2020	82.8
20.02.2020	236
21.02.2020	348
22.02.2020	146
23.02.2020	98.3
24.02.2020	73.2
25.02.2020	64.9
26.02.2020	53.1
27.02.2020	39.4
28.02.2020	41.3
29.02.2020	43.9
01.03.2020	64.1
02.03.2020	330
03.03.2020	325
04.03.2020	306
05.03.2020	185
06.03.2020	121
07.03.2020	94.2
08.03.2020	677
09.03.2020	327
10.03.2020	309
11.03.2020	263
12.03.2020	145
13.03.2020	103
14.03.2020	83
15.03.2020	250
16.03.2020	178
17.03.2020	117
18.03.2020	93.1
19.03.2020	75.3
20.03.2020	64.7
21.03.2020	57.2
22.03.2020	51.4
23.03.2020	49
24.03.2020	44.7
25.03.2020	38.9
26.03.2020	33.3
27.03.2020	29.7
28.03.2020	27.2
29.03.2020	25
30.03.2020	23
31.03.2020	21.1
01.04.2020	19.4
02.04.2020	17.8
03.04.2020	16.3
04.04.2020	15
05.04.2020	13.2
06.04.2020	11.7
07.04.2020	10.8
08.04.2020	10.2
09.04.2020	9.6
10.04.2020	8.4
11.04.2020	14.7
12.04.2020	25.3
13.04.2020	13.6
14.04.2020	11.1
15.04.2020	11.1
16.04.2020	9.1
17.04.2020	7.9
18.04.2020	7.7
19.04.2020	7
20.04.2020	6.7
21.04.2020	6.3
22.04.2020	6.1
23.04.2020	6.4
24.04.2020	6.5
25.04.2020	5.8
26.04.2020	5.6
27.04.2020	44.9
28.04.2020	45.6
29.04.2020	23.3
30.04.2020	16.1
01.05.2020	93.3
02.05.2020	44.8
03.05.2020	24.8
04.05.2020	17.8
05.05.2020	13.4
06.05.2020	11.7
07.05.2020	9.5
08.05.2020	8.9
09.05.2020	7.2
10.05.2020	23.7
11.05.2020	12.7
12.05.2020	10.4
13.05.2020	8.2
14.05.2020	6.9
15.05.2020	6.4
16.05.2020	5.7
17.05.2020	4.9
18.05.2020	4.2
19.05.2020	3.8
20.05.2020	3.2
21.05.2020	3
22.05.2020	3.1
23.05.2020	13
24.05.2020	7.5
25.05.2020	4.5
26.05.2020	3.3
27.05.2020	3
28.05.2020	2.5
29.05.2020	1.4
30.05.2020	0.5
31.05.2020	1.4
01.06.2020	1.6
02.06.2020	1.6
03.06.2020	1.4
04.06.2020	1.5
05.06.2020	3.6
06.06.2020	12.3
07.06.2020	14.8
08.06.2020	6.9
09.06.2020	4.7
10.06.2020	2.8
11.06.2020	1.9
12.06.2020	1.5
13.06.2020	1
14.06.2020	0.8
15.06.2020	0.8
16.06.2020	0.6
17.06.2020	0.5
18.06.2020	0.4
19.06.2020	0.3
20.06.2020	3.1
21.06.2020	28.1
22.06.2020	39.7
23.06.2020	6.9
24.06.2020	3.4
25.06.2020	2.5
26.06.2020	1.9
27.06.2020	1.6
28.06.2020	27.4
29.06.2020	24
30.06.2020	115
01.07.2020	115
02.07.2020	28.1
03.07.2020	14.5
04.07.2020	12.9
05.07.2020	121
06.07.2020	73.7
07.07.2020	34.8
08.07.2020	39
09.07.2020	13.1
10.07.2020	8.3
11.07.2020	5.7
12.07.2020	3.9
13.07.2020	3.4
14.07.2020	4.8
15.07.2020	3.9
16.07.2020	2.6
17.07.2020	2.1
18.07.2020	2.8
19.07.2020	15.7
20.07.2020	11.9
21.07.2020	5.6
22.07.2020	3.5
23.07.2020	2.8
24.07.2020	2.3
25.07.2020	1.7
26.07.2020	22.8
27.07.2020	26.5
28.07.2020	185
29.07.2020	865
30.07.2020	190
31.07.2020	53.6
01.08.2020	27.4
02.08.2020	20
03.08.2020	14.9
04.08.2020	11.5
05.08.2020	62.9
06.08.2020	54.2
07.08.2020	27
08.08.2020	16.3
09.08.2020	11.2
10.08.2020	9.1
11.08.2020	7.3
12.08.2020	6.2
13.08.2020	5.5
14.08.2020	5.2
15.08.2020	4.2
16.08.2020	3.8
17.08.2020	3.5
18.08.2020	3.2
19.08.2020	2.8
20.08.2020	2.6
21.08.2020	53.7
22.08.2020	37.3
23.08.2020	15.7
24.08.2020	9.5
25.08.2020	7.5
26.08.2020	6.6
27.08.2020	5
28.08.2020	4.5
29.08.2020	4.1
30.08.2020	3.6
31.08.2020	2.9
01.09.2020	2.6
02.09.2020	2.5
03.09.2020	2.8
04.09.2020	5.5
05.09.2020	3.2
06.09.2020	2.7
07.09.2020	2.3
08.09.2020	3.5
09.09.2020	7.8
10.09.2020	4.8
11.09.2020	3.6
12.09.2020	3.7
13.09.2020	2.6
14.09.2020	2.4
15.09.2020	2.2
16.09.2020	2.2
17.09.2020	1.6
18.09.2020	1.8
19.09.2020	1.7
20.09.2020	1.7
21.09.2020	2
22.09.2020	2
23.09.2020	5.5
24.09.2020	18.8
25.09.2020	10.7
26.09.2020	503
27.09.2020	89.1
28.09.2020	43.8
29.09.2020	49.3
30.09.2020	45.6
01.10.2020	31.5
02.10.2020	22.5
03.10.2020	17.5
04.10.2020	159
05.10.2020	260
06.10.2020	112
07.10.2020	515
08.10.2020	222
09.10.2020	105
10.10.2020	404
11.10.2020	325
12.10.2020	106
13.10.2020	61.3
14.10.2020	43.7
15.10.2020	33.8
16.10.2020	26.2
17.10.2020	23.2
18.10.2020	19.3
19.10.2020	16
20.10.2020	117
21.10.2020	124
22.10.2020	118
23.10.2020	237
24.10.2020	173
25.10.2020	929
26.10.2020	719
27.10.2020	1497
28.10.2020	1097
29.10.2020	302
30.10.2020	114
31.10.2020	166
01.11.2020	563
02.11.2020	1007
03.11.2020	187
04.11.2020	102
05.11.2020	74
06.11.2020	58.4
07.11.2020	50.2
08.11.2020	41.9
09.11.2020	37.4
10.11.2020	34.8
11.11.2020	35.5
12.11.2020	41.4
13.11.2020	40.9
14.11.2020	151
15.11.2020	378
16.11.2020	713
17.11.2020	235
18.11.2020	137
19.11.2020	135
20.11.2020	73.2
21.11.2020	244
22.11.2020	108
23.11.2020	67.2
24.11.2020	54
25.11.2020	46.1
26.11.2020	38.7
27.11.2020	32.3
28.11.2020	28.1
29.11.2020	26.5
30.11.2020	64.1
01.12.2020	173
02.12.2020	154
03.12.2020	286
04.12.2020	121
05.12.2020	108
06.12.2020	131
07.12.2020	210
08.12.2020	347
09.12.2020	246
10.12.2020	301
11.12.2020	151
12.12.2020	92.1
13.12.2020	74.7
14.12.2020	195
15.12.2020	1052
16.12.2020	263
17.12.2020	407
18.12.2020	407
19.12.2020	340
20.12.2020	430
21.12.2020	259
22.12.2020	228
23.12.2020	133
24.12.2020	78.2
25.12.2020	55.7
26.12.2020	128
27.12.2020	1931
28.12.2020	625
29.12.2020	502
30.12.2020	552
31.12.2020	226
01.01.2021	137
02.01.2021	103
03.01.2021	81.9
04.01.2021	64.2
05.01.2021	54.4
06.01.2021	46.2
07.01.2021	41
08.01.2021	35.2
09.01.2021	31.3
10.01.2021	31.6
11.01.2021	30
12.01.2021	26.2
13.01.2021	20.9
14.01.2021	19.5
15.01.2021	16.2
16.01.2021	10
17.01.2021	12.4
18.01.2021	15.5
19.01.2021	18.1
20.01.2021	19.3
21.01.2021	669
22.01.2021	1119
23.01.2021	281
24.01.2021	180
25.01.2021	119
26.01.2021	88.7
27.01.2021	69.1
28.01.2021	55.5
29.01.2021	37.3
30.01.2021	28.6
31.01.2021	24.5
01.02.2021	22.4
02.02.2021	21.1
03.02.2021	19.3
04.02.2021	15.8
05.02.2021	13.8
06.02.2021	12.8
07.02.2021	12.5
08.02.2021	11.7
09.02.2021	11.7
10.02.2021	9.8
11.02.2021	8.9
12.02.2021	5.3
13.02.2021	3.2
14.02.2021	2.3
15.02.2021	2.2
16.02.2021	4.3
17.02.2021	4.4
18.02.2021	3.6
19.02.2021	4
20.02.2021	49
21.02.2021	221
22.02.2021	213
23.02.2021	243
24.02.2021	342
25.02.2021	229
26.02.2021	90.2
27.02.2021	38
28.02.2021	31.9
01.03.2021	30.4
02.03.2021	42
03.03.2021	29.1
04.03.2021	19.2
05.03.2021	14
06.03.2021	13.8
07.03.2021	12.7
08.03.2021	10.7
09.03.2021	10.9
10.03.2021	10.9
11.03.2021	13.4
12.03.2021	26.4
13.03.2021	27.4
14.03.2021	28.7
15.03.2021	58.5
16.03.2021	52
17.03.2021	39.6
18.03.2021	57.2
19.03.2021	50.6
20.03.2021	131
21.03.2021	143
22.03.2021	174
23.03.2021	145
24.03.2021	154
25.03.2021	107
26.03.2021	112
27.03.2021	238
28.03.2021	124
29.03.2021	147
30.03.2021	136
31.03.2021	115
01.04.2021	81.5
02.04.2021	63.3
03.04.2021	48.7
04.04.2021	48
05.04.2021	40.9
06.04.2021	29.4
07.04.2021	24.6
08.04.2021	22.1
09.04.2021	26.5
10.04.2021	19.4
11.04.2021	17.1
12.04.2021	41.4
13.04.2021	54.8
14.04.2021	38
15.04.2021	29.4
16.04.2021	25.1
17.04.2021	23.1
18.04.2021	20.9
19.04.2021	19.5
20.04.2021	18.4
21.04.2021	19.1
22.04.2021	15.3
23.04.2021	12.4
24.04.2021	11.1
25.04.2021	10.2
26.04.2021	9.8
27.04.2021	9.4
28.04.2021	9
29.04.2021	8.5
30.04.2021	7.9
01.05.2021	7.4
02.05.2021	7.3
03.05.2021	7.5
04.05.2021	7.8
05.05.2021	10.9
06.05.2021	9.7
07.05.2021	7.3
08.05.2021	6.3
09.05.2021	12.8
10.05.2021	52.3
11.05.2021	50.2
12.05.2021	357
13.05.2021	176
14.05.2021	102
15.05.2021	82.4
16.05.2021	94.8
17.05.2021	187
18.05.2021	157
19.05.2021	83.1
20.05.2021	57.8
21.05.2021	41.3
22.05.2021	42.9
23.05.2021	105
24.05.2021	144
25.05.2021	81.8
26.05.2021	87.2
27.05.2021	94
28.05.2021	54.4
29.05.2021	29.4
30.05.2021	22.3
31.05.2021	18.7
01.06.2021	15.8
02.06.2021	13
03.06.2021	11.4
04.06.2021	10.2
05.06.2021	9.3
06.06.2021	8.6
07.06.2021	8.3
08.06.2021	8.8
09.06.2021	7.8
10.06.2021	7.5
11.06.2021	6.8
12.06.2021	6.6
13.06.2021	5.5
14.06.2021	9.3
15.06.2021	6.9
16.06.2021	5.3
17.06.2021	4.9
18.06.2021	17.1
19.06.2021	7.4
20.06.2021	7
21.06.2021	9.9
22.06.2021	10.2
23.06.2021	7.1
24.06.2021	5.5
25.06.2021	5
26.06.2021	4.7
27.06.2021	4.5
28.06.2021	4.8
29.06.2021	5.1
30.06.2021	6.6
01.07.2021	4.2
02.07.2021	3.6
03.07.2021	3.4
04.07.2021	15.3
05.07.2021	8.3
06.07.2021	7.4
07.07.2021	16
08.07.2021	4.5
09.07.2021	3.2
10.07.2021	10.6
11.07.2021	7.1
12.07.2021	4
13.07.2021	3
14.07.2021	2.6
15.07.2021	2.5
16.07.2021	1.9
17.07.2021	1.7
18.07.2021	1.6
19.07.2021	1.6
20.07.2021	1.5
21.07.2021	1.4
22.07.2021	1.4
23.07.2021	1.4
24.07.2021	1.3
25.07.2021	1.3
26.07.2021	1.8
27.07.2021	25.3
28.07.2021	44
29.07.2021	42.8
30.07.2021	19.9
31.07.2021	7.6
01.08.2021	4.9
02.08.2021	4.2
03.08.2021	2.9
04.08.2021	2.4
05.08.2021	2.4
06.08.2021	3.7
07.08.2021	2.6
08.08.2021	2
09.08.2021	1.7
10.08.2021	1.4
11.08.2021	1.1
12.08.2021	1
13.08.2021	1.1
14.08.2021	1.5
15.08.2021	1.4
16.08.2021	1.3
17.08.2021	1.4
18.08.2021	1
19.08.2021	1.1
20.08.2021	0.9
21.08.2021	0.7
22.08.2021	0.6
23.08.2021	0.7
24.08.2021	0.7
25.08.2021	0.8
26.08.2021	1.1
27.08.2021	1.5
28.08.2021	1.6
29.08.2021	1.6
30.08.2021	1.5
31.08.2021	1.5
01.09.2021	1.2
02.09.2021	1.2
03.09.2021	1.5
04.09.2021	1.5
05.09.2021	1.5
06.09.2021	1.6
07.09.2021	1.8
08.09.2021	1.8
09.09.2021	1.6
10.09.2021	1.7
11.09.2021	2.6
12.09.2021	3.5
13.09.2021	1.1
14.09.2021	0.7
15.09.2021	0.6
16.09.2021	1.5
17.09.2021	0.9
18.09.2021	0.6
19.09.2021	0.6
20.09.2021	0.7
21.09.2021	2.3
22.09.2021	1.1
23.09.2021	6.3
24.09.2021	2.5
25.09.2021	1.5
26.09.2021	1
27.09.2021	1.8
28.09.2021	28
29.09.2021	6.8
30.09.2021	46.2
01.10.2021	432
02.10.2021	1437
03.10.2021	1177
04.10.2021	896
05.10.2021	350
06.10.2021	196
07.10.2021	103
08.10.2021	89.1
09.10.2021	93.1
10.10.2021	67.7
11.10.2021	56.6
12.10.2021	40.2
13.10.2021	29
14.10.2021	26.3
15.10.2021	21.7
16.10.2021	17.7
17.10.2021	15
18.10.2021	13.2
19.10.2021	59.4
20.10.2021	186
21.10.2021	83.3
22.10.2021	47
23.10.2021	26.8
24.10.2021	24.4
25.10.2021	31.1
26.10.2021	36.2
27.10.2021	72.1
28.10.2021	68
29.10.2021	52.7
30.10.2021	58.2
31.10.2021	274
01.11.2021	519
02.11.2021	181
03.11.2021	92.8
04.11.2021	63.8
05.11.2021	51.2
06.11.2021	42.5
07.11.2021	158
08.11.2021	93.3
09.11.2021	133
10.11.2021	108
11.11.2021	71.3
12.11.2021	51.4
13.11.2021	52.7
14.11.2021	44.5
15.11.2021	42.2
16.11.2021	40.6
17.11.2021	133
18.11.2021	101
19.11.2021	69.1
20.11.2021	50.5
21.11.2021	38
22.11.2021	29.3
23.11.2021	23.8
24.11.2021	22.8
25.11.2021	21.9
26.11.2021	18.8
27.11.2021	14.9
28.11.2021	13.1
29.11.2021	10.7
30.11.2021	11.2
01.12.2021	9.4
02.12.2021	7.7
03.12.2021	6.1
04.12.2021	6.1
05.12.2021	5.2
06.12.2021	4.7
07.12.2021	4.9
08.12.2021	5.2
09.12.2021	5.6
10.12.2021	6.5
11.12.2021	6.4
12.12.2021	6.8
13.12.2021	16.3
14.12.2021	19.6
15.12.2021	76.7
16.12.2021	22.5
17.12.2021	16.2
18.12.2021	14.7
19.12.2021	13.8
20.12.2021	10.4
21.12.2021	9
22.12.2021	8.7
23.12.2021	9.6
24.12.2021	7.5
25.12.2021	4.7
26.12.2021	3.9
27.12.2021	3.2
28.12.2021	4.1
29.12.2021	4.4
30.12.2021	5.1
31.12.2021	5.4
01.01.2022	4.6
02.01.2022	8
03.01.2022	34.6
04.01.2022	39
05.01.2022	11.6
06.01.2022	6.9
07.01.2022	6.5
08.01.2022	6.6
09.01.2022	6
10.01.2022	5.1
11.01.2022	18.7
12.01.2022	52.7
13.01.2022	200
14.01.2022	296
15.01.2022	30.2
16.01.2022	20.1
17.01.2022	14.3
18.01.2022	11.8
19.01.2022	111
20.01.2022	18.1
21.01.2022	10.5
22.01.2022	9
23.01.2022	8.6
24.01.2022	9.1
25.01.2022	8.3
26.01.2022	8.7
27.01.2022	53
28.01.2022	10.3
29.01.2022	238
30.01.2022	23.7
31.01.2022	14.2
01.02.2022	10.4
02.02.2022	7.7
03.02.2022	6.9
04.02.2022	231
05.02.2022	37.2
06.02.2022	34.2
07.02.2022	13.3
08.02.2022	12.6
09.02.2022	11
10.02.2022	9.3
11.02.2022	7.6
12.02.2022	82.8
13.02.2022	333
14.02.2022	1098
15.02.2022	1237
16.02.2022	347
17.02.2022	101
18.02.2022	56.3
19.02.2022	41.4
20.02.2022	30.6
21.02.2022	27.2
22.02.2022	21.4
23.02.2022	58.8
24.02.2022	202
25.02.2022	41.9
26.02.2022	22.6
27.02.2022	34.9
28.02.2022	37.2
01.03.2022	134
02.03.2022	47.8
03.03.2022	29.3
04.03.2022	21.7
05.03.2022	19.1
06.03.2022	16.8
07.03.2022	17
08.03.2022	16.2
09.03.2022	14.2
10.03.2022	12.9
11.03.2022	14.9
12.03.2022	14.7
13.03.2022	13.8
14.03.2022	13.1
15.03.2022	13
16.03.2022	13.6
17.03.2022	31.1
18.03.2022	60.2
19.03.2022	38.6
20.03.2022	34.3
21.03.2022	29.7
22.03.2022	29.8
23.03.2022	30.3
24.03.2022	43.8
25.03.2022	51.9
26.03.2022	49.2
27.03.2022	46.1
28.03.2022	47.1
29.03.2022	31.9
30.03.2022	22.5
31.03.2022	17.9
01.04.2022	14.5
02.04.2022	13.2
03.04.2022	14.1
04.04.2022	23
05.04.2022	18.6
06.04.2022	15
07.04.2022	14.3
08.04.2022	12.2
09.04.2022	10.2
10.04.2022	9.3
11.04.2022	8.9
12.04.2022	8.8
13.04.2022	14.2
14.04.2022	17.3
15.04.2022	14.1
16.04.2022	12.8
17.04.2022	12.8
18.04.2022	13.1
19.04.2022	11.9
20.04.2022	10.6
21.04.2022	10.2
22.04.2022	9.7
23.04.2022	8.9
24.04.2022	8.1
25.04.2022	7.6
26.04.2022	6.9
27.04.2022	6.2
28.04.2022	6.1
29.04.2022	5.5
30.04.2022	5.4
01.05.2022	5.2
02.05.2022	5.3
03.05.2022	4.5
04.05.2022	4.3
05.05.2022	4.4
06.05.2022	3.9
07.05.2022	4.7
08.05.2022	3.2
09.05.2022	3.1
10.05.2022	4.9
11.05.2022	5
12.05.2022	4
13.05.2022	3.1
14.05.2022	2.9
15.05.2022	2.3
16.05.2022	2.1
17.05.2022	2
18.05.2022	2
19.05.2022	2.4
20.05.2022	2.3
21.05.2022	3.8
22.05.2022	2.7
23.05.2022	2.2
24.05.2022	4.9
25.05.2022	6.2
26.05.2022	53.7
27.05.2022	16.6
28.05.2022	9.4
29.05.2022	6
30.05.2022	6.4
31.05.2022	5.2
01.06.2022	5.3
02.06.2022	4.3
03.06.2022	3.4
04.06.2022	2.9
05.06.2022	2.4
06.06.2022	2.1
07.06.2022	2.1
08.06.2022	24.6
09.06.2022	8.6
10.06.2022	5
11.06.2022	4.4
12.06.2022	4.5
13.06.2022	3.8
14.06.2022	2.7
15.06.2022	2
16.06.2022	1.9
17.06.2022	1.7
18.06.2022	4.2
19.06.2022	1.5
20.06.2022	1.2
21.06.2022	1.1
22.06.2022	1
23.06.2022	0.9
24.06.2022	0.7
25.06.2022	0.6
26.06.2022	0.6
27.06.2022	NA
28.06.2022	NA
29.06.2022	6.8
30.06.2022	5.5
01.07.2022	4.8
02.07.2022	14.5
03.07.2022	235
04.07.2022	63.5
05.07.2022	23.1
06.07.2022	14.8
07.07.2022	24
08.07.2022	12.4
09.07.2022	9.4
10.07.2022	7.9
11.07.2022	7
12.07.2022	6.6
13.07.2022	7.5
14.07.2022	6.3
15.07.2022	5.7
16.07.2022	5.3
17.07.2022	5
18.07.2022	5.6
19.07.2022	4.8
20.07.2022	4.3
21.07.2022	4.3
22.07.2022	13.2
23.07.2022	7
24.07.2022	5.4
25.07.2022	8.7
26.07.2022	6.9
27.07.2022	5
28.07.2022	4.4
29.07.2022	4.2
30.07.2022	3.9
31.07.2022	3.8
01.08.2022	6.4
02.08.2022	4.6
03.08.2022	8.9
04.08.2022	5.1
05.08.2022	3.1
06.08.2022	1.3
07.08.2022	1.1
08.08.2022	1
09.08.2022	0.9
10.08.2022	0.9
11.08.2022	0.8
12.08.2022	0.7
13.08.2022	0.7
14.08.2022	0.6
15.08.2022	0.8
16.08.2022	25.9
17.08.2022	15.6
18.08.2022	5.4
19.08.2022	5.2
20.08.2022	2.8
21.08.2022	2.4
22.08.2022	2.1
23.08.2022	1.6
24.08.2022	1.5
25.08.2022	1.4
26.08.2022	1.4
27.08.2022	2
28.08.2022	1.5
29.08.2022	1.4
30.08.2022	1.3
31.08.2022	1.1
01.09.2022	1.1
02.09.2022	1.1
03.09.2022	1.7
04.09.2022	1.2
05.09.2022	1.1
06.09.2022	1
07.09.2022	1.1
08.09.2022	0.9
09.09.2022	0.9
10.09.2022	1.3
11.09.2022	1.2
12.09.2022	1.3
13.09.2022	78.9
14.09.2022	19.6
15.09.2022	9.6
16.09.2022	5.9
17.09.2022	4
18.09.2022	3.1
19.09.2022	2.4
20.09.2022	2.1
21.09.2022	2
22.09.2022	2.1
23.09.2022	3.9
24.09.2022	5.6
25.09.2022	3.4
26.09.2022	10
27.09.2022	55.1
28.09.2022	23
29.09.2022	12.4
30.09.2022	8.6
01.10.2022	10.7
02.10.2022	12.9
03.10.2022	10.2
04.10.2022	8.7
05.10.2022	14.6
06.10.2022	62.4
07.10.2022	29.5
08.10.2022	32.1
09.10.2022	18.1
10.10.2022	14.6
11.10.2022	11.9
12.10.2022	9.4
13.10.2022	38.1
14.10.2022	43.3
15.10.2022	83.1
16.10.2022	286
17.10.2022	139
18.10.2022	89.5
19.10.2022	62
20.10.2022	44.3
21.10.2022	31.7
22.10.2022	24.4
23.10.2022	21.4
24.10.2022	48.9
25.10.2022	327
26.10.2022	109
27.10.2022	74.9
28.10.2022	65.2
29.10.2022	144
30.10.2022	64.5
31.10.2022	47.9
01.11.2022	75
02.11.2022	445
03.11.2022	289
04.11.2022	237
05.11.2022	200
06.11.2022	376
07.11.2022	850
08.11.2022	346
09.11.2022	344
10.11.2022	168
11.11.2022	115
12.11.2022	79.3
13.11.2022	60.9
14.11.2022	51.7
15.11.2022	43.9
16.11.2022	37.7
17.11.2022	33
18.11.2022	27.7
19.11.2022	23.8
20.11.2022	21.1
21.11.2022	18.8
22.11.2022	16.5
23.11.2022	19.8
24.11.2022	31.9
25.11.2022	73.1
26.11.2022	89.8
27.11.2022	234
28.11.2022	117
29.11.2022	73.8
30.11.2022	58.6
01.12.2022	48.8
02.12.2022	40.5
03.12.2022	35.2
04.12.2022	29.9
05.12.2022	25.8
06.12.2022	21.9
07.12.2022	18.8
08.12.2022	15.9
09.12.2022	12.8
10.12.2022	9.7
11.12.2022	7.5
12.12.2022	6.8
13.12.2022	6.1
14.12.2022	7.5
15.12.2022	6.1
16.12.2022	5.1
17.12.2022	6.1
18.12.2022	6.8
19.12.2022	7.5
20.12.2022	12.5
21.12.2022	33.6
22.12.2022	115
23.12.2022	89
24.12.2022	46.4
25.12.2022	32.8
26.12.2022	1221
27.12.2022	489
28.12.2022	132
29.12.2022	212
30.12.2022	418
31.12.2022	2034
01.01.2023	NA
02.01.2023	94.5
03.01.2023	66.5
04.01.2023	58
05.01.2023	46.7
06.01.2023	42.5
07.01.2023	45.4
08.01.2023	1251
09.01.2023	1281
10.01.2023	420
11.01.2023	974
12.01.2023	366
13.01.2023	919
14.01.2023	629
15.01.2023	407
16.01.2023	265
17.01.2023	324
18.01.2023	256
19.01.2023	160
20.01.2023	101
21.01.2023	81.8
22.01.2023	68.8
23.01.2023	61.6
24.01.2023	64.2
25.01.2023	493
26.01.2023	217
27.01.2023	102
28.01.2023	73
29.01.2023	76.4
30.01.2023	85
31.01.2023	53.4
01.02.2023	42.9
02.02.2023	30.2
03.02.2023	27.3
04.02.2023	21.1
05.02.2023	22.6
06.02.2023	21.1
07.02.2023	21.5
08.02.2023	101
09.02.2023	247
10.02.2023	71.3
11.02.2023	48.6
12.02.2023	44.6
13.02.2023	53
14.02.2023	41.4
15.02.2023	34.9
16.02.2023	98.8
17.02.2023	515
18.02.2023	168
19.02.2023	78
20.02.2023	129
21.02.2023	70.6
22.02.2023	52.7
23.02.2023	72
24.02.2023	61.3
25.02.2023	44.2
26.02.2023	38.1
27.02.2023	35.4
28.02.2023	33
01.03.2023	33.7
02.03.2023	36.3
03.03.2023	28.6
04.03.2023	21.7
05.03.2023	19.7
06.03.2023	16.9
07.03.2023	15.4
08.03.2023	12
09.03.2023	10.7
10.03.2023	8.7
11.03.2023	8.5
12.03.2023	7.5
13.03.2023	10.1
14.03.2023	9.9
15.03.2023	8.7
16.03.2023	7.1
17.03.2023	15.5
18.03.2023	243
19.03.2023	407
20.03.2023	533
21.03.2023	97
22.03.2023	505
23.03.2023	331
24.03.2023	404
25.03.2023	467
26.03.2023	150
27.03.2023	74.6
28.03.2023	52.2
29.03.2023	45.5
30.03.2023	40.4
31.03.2023	37.5
01.04.2023	35.3
02.04.2023	44.2
03.04.2023	68.6
04.04.2023	91.6
05.04.2023	98.3
06.04.2023	96.3
07.04.2023	108
08.04.2023	108
09.04.2023	116
10.04.2023	140
11.04.2023	194
12.04.2023	198
13.04.2023	389
14.04.2023	208
15.04.2023	516
16.04.2023	184
17.04.2023	109
18.04.2023	78.5
19.04.2023	60.8
20.04.2023	49.9
21.04.2023	42.7
22.04.2023	38
23.04.2023	160
24.04.2023	695
25.04.2023	2088
26.04.2023	594
27.04.2023	197
28.04.2023	117
29.04.2023	86.1
30.04.2023	64.5
01.05.2023	87.3
02.05.2023	79.8
03.05.2023	61.3
04.05.2023	47.6
05.05.2023	40.7
06.05.2023	35.2
07.05.2023	30.6
08.05.2023	27
09.05.2023	26.1
10.05.2023	23.5
11.05.2023	21.7
12.05.2023	20
13.05.2023	18.4
14.05.2023	17.3
15.05.2023	16.9
16.05.2023	18.2
17.05.2023	14.5
18.05.2023	12.7
19.05.2023	12.5
20.05.2023	12.1
21.05.2023	11.5
22.05.2023	10.7
23.05.2023	11.7
24.05.2023	10.4
25.05.2023	8.7
26.05.2023	8
27.05.2023	8.6
28.05.2023	8.9
29.05.2023	8
30.05.2023	7.3
31.05.2023	6.9
01.06.2023	6.4
02.06.2023	6.2
03.06.2023	6.4
04.06.2023	6.2
05.06.2023	5.6
06.06.2023	5.6
07.06.2023	5.7
08.06.2023	5.4
09.06.2023	5.4
10.06.2023	5.6
11.06.2023	5.7
12.06.2023	6.1
13.06.2023	6.1
14.06.2023	5.9
15.06.2023	6
16.06.2023	6.3
17.06.2023	5.7
18.06.2023	5.9
19.06.2023	7.5
20.06.2023	5.8
21.06.2023	10
22.06.2023	5.5
23.06.2023	3.3
24.06.2023	2
25.06.2023	1.5
26.06.2023	1.8
27.06.2023	9.9
28.06.2023	2.5
29.06.2023	1.4
30.06.2023	1.6
01.07.2023	1.4
02.07.2023	12.5
03.07.2023	NA
04.07.2023	9.8
05.07.2023	7.9
06.07.2023	23.8
07.07.2023	13.2
08.07.2023	9.1
09.07.2023	6.9
10.07.2023	6.1
11.07.2023	17.2
12.07.2023	74.2
13.07.2023	24.9
14.07.2023	12.8
15.07.2023	11.9
16.07.2023	20.7
17.07.2023	12.1
18.07.2023	9.5
19.07.2023	8.5
20.07.2023	7.5
21.07.2023	6.6
22.07.2023	NA
23.07.2023	NA
24.07.2023	NA
25.07.2023	NA
26.07.2023	NA
27.07.2023	NA
28.07.2023	NA
29.07.2023	NA
30.07.2023	NA
31.07.2023	88.3
01.08.2023	NA
02.08.2023	NA
03.08.2023	NA
04.08.2023	NA
05.08.2023	NA
06.08.2023	NA
07.08.2023	NA
08.08.2023	NA
09.08.2023	NA
10.08.2023	NA
11.08.2023	NA
12.08.2023	NA
13.08.2023	NA
14.08.2023	20
15.08.2023	40.2
16.08.2023	55.4
17.08.2023	27.7
18.08.2023	19.9
19.08.2023	18.3
20.08.2023	876
21.08.2023	178
22.08.2023	86.1
23.08.2023	60.5
24.08.2023	46.3
25.08.2023	30.9
26.08.2023	403
27.08.2023	2441
28.08.2023	905
29.08.2023	318
30.08.2023	102
31.08.2023	72.2
01.09.2023	53.3
02.09.2023	35.9
03.09.2023	28
04.09.2023	24.6
05.09.2023	22.3
06.09.2023	19.3
07.09.2023	19.8
08.09.2023	20.1
09.09.2023	20.3
10.09.2023	19.1
11.09.2023	16
12.09.2023	14.8
13.09.2023	11.3
14.09.2023	9.1
15.09.2023	11.4
16.09.2023	12.8
17.09.2023	11
18.09.2023	205
19.09.2023	407
20.09.2023	112
21.09.2023	296
22.09.2023	899
23.09.2023	202
24.09.2023	93.6
25.09.2023	89.4
26.09.2023	78
27.09.2023	72.6
28.09.2023	67.2
29.09.2023	56
30.09.2023	45.3
01.10.2023	35.2
02.10.2023	35.1
03.10.2023	30.7
04.10.2023	24.5
05.10.2023	20.4
06.10.2023	31
07.10.2023	25.9
08.10.2023	20.7
09.10.2023	20.5
10.10.2023	21.2
11.10.2023	30.5
12.10.2023	25.9
13.10.2023	49.8
14.10.2023	95.8
15.10.2023	57.7
16.10.2023	38.8
17.10.2023	32.8
18.10.2023	27.4
19.10.2023	26.8
20.10.2023	25.6
21.10.2023	25.4
22.10.2023	26.3
23.10.2023	25.6
24.10.2023	24.2
25.10.2023	24.2
26.10.2023	24
27.10.2023	22.8
28.10.2023	21.2
29.10.2023	20.7
30.10.2023	22.5
31.10.2023	22.1
01.11.2023	20.9
02.11.2023	168
03.11.2023	1384
04.11.2023	287
05.11.2023	173
06.11.2023	372
07.11.2023	631
08.11.2023	187
09.11.2023	220
10.11.2023	167
11.11.2023	117
12.11.2023	98.5
13.11.2023	87.2
14.11.2023	71.7
15.11.2023	57.6
16.11.2023	45.7
17.11.2023	34.7
18.11.2023	28.2
19.11.2023	26
20.11.2023	21.4
21.11.2023	15.7
22.11.2023	20.5
23.11.2023	22
24.11.2023	17.5
25.11.2023	14.1
26.11.2023	12.1
27.11.2023	10.4
28.11.2023	8.6
29.11.2023	8.7
30.11.2023	7.8
01.12.2023	6.8
02.12.2023	4.8
03.12.2023	3.6
04.12.2023	3.2
05.12.2023	3.5
06.12.2023	3.4
07.12.2023	3.5
08.12.2023	3.7
09.12.2023	4.3
10.12.2023	4.4
11.12.2023	4.7
12.12.2023	4.9
13.12.2023	5
14.12.2023	5.2
15.12.2023	5.4
16.12.2023	9.4
17.12.2023	23.1
18.12.2023	32.6
19.12.2023	54.6
20.12.2023	12.1
21.12.2023	10.5
22.12.2023	8.6
23.12.2023	7.4
24.12.2023	6.8
25.12.2023	6.7
26.12.2023	5.7
27.12.2023	4.6
28.12.2023	5.4
29.12.2023	5.6
30.12.2023	4.9
31.12.2023	4.9

